usuario,contrasena,nombre,correo,paisOrigen,necesidadesEspecialesEducación,genero,estadoCivil,prestamo,beca,desplazado,totalCreditos
ode0,yin33!!uS,Octavius De Ruggero,ode0@edu.com,Portugal,No,Masculino,Soltero,No,No,Si,3.0
sodeson1,dwn80*Quf,Staffard Odeson,sodeson1@edu.com,Portugal,No,Masculino,Soltero,No,No,Si,0.0
owithur2,nnl89v_yJV,Olivero Withur,owithur2@edu.com,Portugal,No,Masculino,Soltero,No,No,Si,0.0
spartener3,mie79,Stanfield Partener,spartener3@edu.com,Portugal,No,Femenino,Soltero,No,No,Si,6.0
ktindley4,vbw05Ci,Kristi Tindley,ktindley4@edu.com,Portugal,No,Femenino,Casado,No,No,No,0.0
efyldes5,oba29k*A,Elissa Fyldes,efyldes5@edu.com,Portugal,No,Masculino,Casado,Si,No,No,0.0
kgowenlock6,qra00,Kaiser Gowenlock,kgowenlock6@edu.com,Portugal,No,Femenino,Soltero,No,Si,Si,3.0
kcattermull7,uhh88uE5il,Kordula Cattermull,kcattermull7@edu.com,Portugal,No,Masculino,Soltero,No,No,Si,4.0
zbeckey8,jac699YZ,Zacharie Beckey,zbeckey8@edu.com,Rumania,No,Femenino,Soltero,No,Si,No,0.0
sshambroke9,ymp271,Sisely Shambroke,sshambroke9@edu.com,Portugal,No,Femenino,Soltero,Si,No,Si,3.0
lschimonia,ktb24sB4,Lettie Schimoni,lschimonia@edu.com,Portugal,No,Femenino,Soltero,No,No,Si,0.0
cdhoogheb,"fiy43""",Carin D'Hooghe,cdhoogheb@edu.com,Portugal,No,Femenino,Soltero,No,Si,Si,6.0
arupertic,uou999H,Alexina Ruperti,arupertic@edu.com,Portugal,No,Femenino,Soltero,No,No,Si,0.0
fmahaddyd,xlx69hMZt,Francisco Mahaddy,fmahaddyd@edu.com,Portugal,No,Femenino,Soltero,No,Si,Si,0.0
omaynee,"lrl43Q,<",Osbourn Mayne,omaynee@edu.com,Portugal,No,Femenino,Soltero,No,Si,Si,0.0
growlandf,wpq20w,Gwenore Rowland,growlandf@edu.com,Portugal,No,Femenino,Soltero,No,No,Si,0.0
dsparwayg,cjm18,Drucill Sparway,dsparwayg@edu.com,Portugal,No,Femenino,Soltero,No,No,Si,0.0
cheindleh,gad52,Cazzie Heindle,cheindleh@edu.com,Portugal,No,Femenino,Soltero,No,No,Si,3.0
lboulsheri,ksw429,Lavina Boulsher,lboulsheri@edu.com,Portugal,No,Femenino,Soltero,No,No,Si,9.0
qblacksellj,tga64,Quinn Blacksell,qblacksellj@edu.com,Portugal,No,Femenino,Soltero,No,No,Si,3.0
dreasonk,bwg07EvT,Duky Reason,dreasonk@edu.com,Portugal,No,Femenino,Soltero,No,Si,No,0.0
mbloodworthl,ety717TFy,Miguel Bloodworth,mbloodworthl@edu.com,Portugal,No,Femenino,Soltero,No,No,Si,0.0
pmityushkinm,cqt283bO@,Parnell Mityushkin,pmityushkinm@edu.com,Portugal,No,Femenino,Soltero,No,No,Si,0.0
ctookeyn,ixe91&A7,Cayla Tookey,ctookeyn@edu.com,Portugal,No,Femenino,Soltero,No,Si,Si,3.0
jstentono,udc36p,Joyous Stenton,jstentono@edu.com,Portugal,No,Femenino,Soltero,No,No,No,0.0
lhollyarp,"ney75,bIB",Leicester Hollyar,lhollyarp@edu.com,Portugal,No,Femenino,Soltero,Si,Si,Si,3.0
kloitertonq,nzo13,Karina Loiterton,kloitertonq@edu.com,Portugal,No,Femenino,Soltero,No,No,Si,0.0
vwinfieldr,ftp71,Vergil Winfield,vwinfieldr@edu.com,Portugal,No,Femenino,Soltero,No,No,Si,6.0
skurtiss,cdm51w,Storm Kurtis,skurtiss@edu.com,Portugal,No,Femenino,Soltero,No,No,Si,0.0
rsteartt,bwv67X1EWg,Rosana Steart,rsteartt@edu.com,Portugal,No,Masculino,Soltero,No,No,Si,9.0
srosbothamu,yqw05Lw3*,Salim Rosbotham,srosbothamu@edu.com,Portugal,No,Masculino,Soltero,No,No,No,0.0
pmcneillyv,wyf29vS4f,Petunia McNeilly,pmcneillyv@edu.com,Portugal,No,Masculino,Soltero,No,No,Si,0.0
kionw,fzr55,Kipper Ion,kionw@edu.com,Portugal,No,Masculino,Soltero,No,No,No,0.0
ecaulcuttx,iln19a/2,Elwyn Caulcutt,ecaulcuttx@edu.com,Portugal,No,Femenino,Soltero,No,No,Si,0.0
sgrovehamy,ikn18,Sinclair Groveham,sgrovehamy@edu.com,Portugal,No,Masculino,Soltero,No,No,No,3.0
jmclachlanz,lbx47<Lb,Jdavie McLachlan,jmclachlanz@edu.com,Portugal,No,Masculino,Soltero,Si,No,No,0.0
frase10,adb85b`ij,Francklin Rase,frase10@edu.com,Portugal,No,Masculino,Soltero,No,No,Si,3.0
lbaggaley11,seb58d{,Lotti Baggaley,lbaggaley11@edu.com,Portugal,No,Femenino,Soltero,No,No,No,0.0
gbrymner12,jot753,Gonzales Brymner,gbrymner12@edu.com,Portugal,No,Femenino,Divorciado,No,No,Si,3.0
kepgrave13,fue58,Katinka Epgrave,kepgrave13@edu.com,España,No,Femenino,Soltero,Si,No,No,0.0
abullard14,qgi62/P,Aldin Bullard,abullard14@edu.com,Portugal,No,Femenino,Soltero,Si,No,No,0.0
btrencher15,dxh79C\pq,Bradan Trencher,btrencher15@edu.com,Portugal,No,Femenino,Soltero,No,No,Si,0.0
gmacilhench16,jhk83`5,Giacinta Macilhench,gmacilhench16@edu.com,Portugal,Si,Femenino,Soltero,No,No,Si,0.0
ehaycraft17,pno11O@nd,Everett Haycraft,ehaycraft17@edu.com,Portugal,No,Femenino,Soltero,No,No,No,0.0
myoselevitch18,cvy33gyR,Monti Yoselevitch,myoselevitch18@edu.com,Portugal,No,Femenino,Soltero,No,No,No,3.0
mleasor19,"pzr53g,@G",Martita Leasor,mleasor19@edu.com,Portugal,No,Femenino,Soltero,No,No,No,6.0
nludgrove1a,iff91ZdV<,Nels Ludgrove,nludgrove1a@edu.com,Portugal,No,Femenino,Soltero,No,No,Si,3.0
avon1b,tsl96Bb0us,Aidan Von Salzberg,avon1b@edu.com,Portugal,No,Femenino,Soltero,No,Si,Si,3.0
areville1c,ajz95.g,Amii Reville,areville1c@edu.com,Portugal,No,Femenino,Soltero,No,Si,No,0.0
rsmallsman1d,pqt92s3,Ree Smallsman,rsmallsman1d@edu.com,Portugal,No,Femenino,Soltero,No,Si,No,9.0
ssarjeant1e,aju91,Stevie Sarjeant,ssarjeant1e@edu.com,Portugal,No,Femenino,Soltero,No,Si,No,6.0
hlabb1f,"wcb52+F,",Hettie Labb,hlabb1f@edu.com,Portugal,No,Femenino,Soltero,No,Si,Si,0.0
mshurlock1g,"cqi10""68",Malory Shurlock,mshurlock1g@edu.com,Portugal,No,Femenino,Soltero,No,Si,Si,0.0
gdavidi1h,pgh63(+nAm,Gery Davidi,gdavidi1h@edu.com,Portugal,No,Femenino,Soltero,No,No,No,3.0
rnendick1i,ndg36,Robinet Nendick,rnendick1i@edu.com,Portugal,No,Femenino,Soltero,No,No,No,0.0
jsinnett1j,xht73C,Jeniece Sinnett,jsinnett1j@edu.com,Portugal,No,Femenino,Soltero,No,No,Si,12.0
rhabbes1k,sgs19,Royal Habbes,rhabbes1k@edu.com,Portugal,No,Femenino,Casado,No,No,No,2.0
dbrookesbie1l,voe47h,Dominga Brookesbie,dbrookesbie1l@edu.com,Portugal,No,Femenino,Soltero,No,No,Si,0.0
dsoares1m,ism743,Dacey Soares,dsoares1m@edu.com,Portugal,No,Femenino,Soltero,No,No,Si,0.0
fflanne1n,seh53',Franky Flanne,fflanne1n@edu.com,Portugal,No,Femenino,Soltero,No,No,Si,3.0
jpadkin1o,kxu39r5QUK,Jenilee Padkin,jpadkin1o@edu.com,Portugal,No,Femenino,Soltero,No,No,No,0.0
goleszkiewicz1p,mzm26$y$6,Gillie Oleszkiewicz,goleszkiewicz1p@edu.com,Portugal,No,Femenino,Soltero,No,Si,No,6.0
benric1q,ksz74dy$r,Bo Enric,benric1q@edu.com,Portugal,No,Masculino,Soltero,No,Si,Si,3.0
cdegli1r,bjr10`l)Y,Caroline Degli Antoni,cdegli1r@edu.com,Portugal,No,Masculino,Soltero,No,No,Si,7.0
sadanet1s,vdm41A(`,Sayre Adanet,sadanet1s@edu.com,Portugal,No,Masculino,Soltero,No,No,No,0.0
rrosedale1t,dzu72}\W,Rebekah Rosedale,rrosedale1t@edu.com,Portugal,No,Masculino,Divorciado,No,No,Si,4.0
lservant1u,htp87a,Lynnett Servant,lservant1u@edu.com,Portugal,No,Masculino,Soltero,No,Si,Si,0.0
bgrabham1v,jbi29,Blinny Grabham,bgrabham1v@edu.com,Portugal,No,Masculino,Soltero,No,No,Si,0.0
lmackerley1w,oqv72\1jeQ,Lucina MacKerley,lmackerley1w@edu.com,Portugal,No,Masculino,Soltero,Si,No,No,0.0
hdowling1x,svw72Z&4,Horst Dowling,hdowling1x@edu.com,Portugal,No,Masculino,Soltero,No,No,No,0.0
bteasdalemarkie1y,hef150,Beniamino Teasdale-Markie,bteasdalemarkie1y@edu.com,Portugal,No,Masculino,Soltero,No,No,No,0.0
nmasson1z,xio97}_X9,Nevin Masson,nmasson1z@edu.com,Portugal,No,Masculino,Soltero,No,No,No,3.0
dpiccard20,swn49us,Demeter Piccard,dpiccard20@edu.com,Portugal,No,Masculino,Soltero,No,No,Si,0.0
fpaskin21,"oid05""I9I*",Faber Paskin,fpaskin21@edu.com,Portugal,No,Masculino,Soltero,No,No,Si,3.0
dthow22,qpy37`j)?,Debby Thow,dthow22@edu.com,Portugal,No,Masculino,Soltero,No,No,Si,0.0
wwoolger23,iox27_~V'#,Waneta Woolger,wwoolger23@edu.com,Portugal,No,Masculino,Soltero,Si,No,Si,0.0
mriolfi24,"flb84%,",Morgan Riolfi,mriolfi24@edu.com,Portugal,No,Masculino,Soltero,No,Si,Si,3.0
hfitzsimons25,cxn57kE,Hedi Fitzsimons,hfitzsimons25@edu.com,Portugal,No,Masculino,Soltero,Si,Si,Si,9.0
hdavydochkin26,kli44vBrn,Hermon Davydochkin,hdavydochkin26@edu.com,Portugal,No,Masculino,Soltero,No,Si,No,6.0
lbaugham27,"xwx07,h`R4",Lynea Baugham,lbaugham27@edu.com,Portugal,No,Masculino,Casado,No,No,No,0.0
adudmarsh28,koj04<,Ania Dudmarsh,adudmarsh28@edu.com,Portugal,No,Masculino,Soltero,No,No,Si,3.0
csalmons29,sat90KjI+,Claiborn Salmons,csalmons29@edu.com,Portugal,No,Masculino,Soltero,No,No,Si,0.0
iparnell2a,jkf94FVl'O,Inna Parnell,iparnell2a@edu.com,Portugal,No,Masculino,Soltero,Si,No,No,3.0
ttoppin2b,mtf34}f,Tedd Toppin,ttoppin2b@edu.com,Portugal,No,Masculino,Soltero,No,No,No,0.0
gclevely2c,slm85strk{,Gwenni Clevely,gclevely2c@edu.com,Portugal,No,Femenino,Casado,No,No,Si,4.0
kmcleman2d,ydv390z,Kat McLeman,kmcleman2d@edu.com,Portugal,No,Femenino,Soltero,No,Si,Si,4.0
erolston2e,mxz3411!,Elyssa Rolston,erolston2e@edu.com,Portugal,No,Femenino,Soltero,No,Si,No,0.0
sfoister2f,vrb02F,Saw Foister,sfoister2f@edu.com,Portugal,No,Masculino,Soltero,No,No,Si,0.0
dhamley2g,yvz45Al,Dwight Hamley,dhamley2g@edu.com,Portugal,No,Masculino,Soltero,No,No,Si,0.0
hyezafovich2h,hra21E,Hershel Yezafovich,hyezafovich2h@edu.com,Portugal,No,Masculino,Soltero,Si,No,Si,3.0
deallis2i,wrn05wwO8,Deina Eallis,deallis2i@edu.com,Portugal,No,Masculino,Soltero,No,No,No,0.0
detherson2j,nvp24\=TL,Del Etherson,detherson2j@edu.com,Brasil,No,Femenino,Soltero,No,No,Si,0.0
jtaffurelli2k,kxj20u0S/=,Janot Taffurelli,jtaffurelli2k@edu.com,Brasil,No,Femenino,Soltero,No,No,No,3.0
tmenaul2l,pjc81$a,Torie Menaul,tmenaul2l@edu.com,Portugal,No,Femenino,Casado,No,No,No,3.0
devemy2m,vma95<JAJS,Domenico Evemy,devemy2m@edu.com,Portugal,No,Femenino,Casado,No,No,No,0.0
jlatch2n,tbh97{hos,Jemmy Latch,jlatch2n@edu.com,Santo Tomé y Principe,No,Masculino,Soltero,No,No,Si,3.0
gheinz2o,ktg69Qq,Glyn Heinz,gheinz2o@edu.com,Portugal,No,Femenino,Soltero,No,No,Si,3.0
ldanev2p,gyo17,Lucinda Danev,ldanev2p@edu.com,Portugal,No,Femenino,Soltero,No,Si,Si,0.0
ccuerda2q,dfc18@%<4,Clara Cuerda,ccuerda2q@edu.com,Portugal,No,Femenino,Soltero,No,No,Si,6.0
scordery2r,yjx94,Stella Cordery,scordery2r@edu.com,Portugal,No,Femenino,Soltero,Si,No,Si,0.0
koliverpaull2s,ptv61)vN?k,Kenna Oliver-Paull,koliverpaull2s@edu.com,Portugal,No,Femenino,Soltero,No,No,No,3.0
abethel2t,rta26sx,Archambault Bethel,abethel2t@edu.com,Portugal,No,Femenino,Soltero,No,No,Si,3.0
sbarrass2u,woq32XmbA,Smith Barrass,sbarrass2u@edu.com,Portugal,No,Femenino,Casado,No,No,Si,0.0
edabernott2v,tcj07R,Eadmund Dabernott,edabernott2v@edu.com,Portugal,No,Femenino,Divorciado,No,No,No,0.0
nchilton2w,jxv46E9B&,Norma Chilton,nchilton2w@edu.com,Portugal,No,Femenino,Soltero,No,No,Si,0.0
srubenov2x,pjp108~rF,Simon Rubenov,srubenov2x@edu.com,Portugal,No,Femenino,Soltero,Si,No,No,7.0
opedden2y,owa90p),Osmond Pedden,opedden2y@edu.com,Portugal,No,Femenino,Soltero,No,No,Si,3.0
rkleiser2z,jga71g~#,Robinson Kleiser,rkleiser2z@edu.com,Portugal,No,Femenino,Soltero,No,No,Si,6.0
mhalgarth30,dwc66GtZf),Mariam Halgarth,mhalgarth30@edu.com,Portugal,No,Femenino,Soltero,No,No,Si,0.0
gfavey31,ctm794e>_!,Genovera Favey,gfavey31@edu.com,Portugal,No,Femenino,Soltero,No,No,Si,3.0
nbolderoe32,rfg97LZ0M,Niven Bolderoe,nbolderoe32@edu.com,Portugal,No,Femenino,Soltero,No,No,Si,6.0
bbremmer33,wrj00W=Hk,Briana Bremmer,bbremmer33@edu.com,Portugal,No,Femenino,Soltero,No,Si,Si,0.0
dlippiello34,"enm26,r{`!",Dayle Lippiello,dlippiello34@edu.com,Portugal,No,Femenino,Soltero,No,No,Si,0.0
lboothjarvis35,rek25J,Laurie Booth-Jarvis,lboothjarvis35@edu.com,Portugal,No,Femenino,Soltero,No,No,Si,9.0
mquakley36,ohm68!!,Marabel Quakley,mquakley36@edu.com,Portugal,No,Femenino,Soltero,No,No,Si,0.0
daleksidze37,kkv54j,Doy Aleksidze,daleksidze37@edu.com,Portugal,No,Femenino,Soltero,No,No,No,0.0
bcarabine38,zep38SvKYa,Bren Carabine,bcarabine38@edu.com,Portugal,No,Femenino,Soltero,No,Si,Si,0.0
rbonnesen39,"kpr632,u",Rose Bonnesen,rbonnesen39@edu.com,Portugal,No,Femenino,Soltero,No,No,No,0.0
kminshall3a,zlm06d#,Kylie Minshall,kminshall3a@edu.com,Portugal,No,Femenino,Soltero,No,No,No,0.0
scoggins3b,ikr09\RZE5,Sutherlan Coggins,scoggins3b@edu.com,Portugal,No,Femenino,Soltero,No,No,No,0.0
lvannozzii3c,pxx861_,Libbey Vannozzii,lvannozzii3c@edu.com,Portugal,No,Femenino,Soltero,No,No,Si,6.0
awareham3d,rxf63Te,Allen Wareham,awareham3d@edu.com,Portugal,No,Femenino,Soltero,No,No,Si,3.0
wpotteridge3e,znx72Gy~,Wilbert Potteridge,wpotteridge3e@edu.com,Portugal,No,Femenino,Soltero,No,No,No,3.0
rguilaem3f,xde54S,Ronna Guilaem,rguilaem3f@edu.com,Portugal,No,Femenino,Soltero,No,Si,No,0.0
emcilory3g,pub78Sf,Evita McIlory,emcilory3g@edu.com,Portugal,No,Femenino,Soltero,No,No,Si,4.0
nbinton3h,fyx47K,Neely Binton,nbinton3h@edu.com,Portugal,No,Femenino,Soltero,No,No,Si,0.0
pcroysdale3i,kpo41E6L\%,Payton Croysdale,pcroysdale3i@edu.com,Portugal,No,Femenino,Soltero,No,No,Si,0.0
rcrumley3j,utt54,Reine Crumley,rcrumley3j@edu.com,Portugal,No,Femenino,Soltero,No,Si,Si,9.0
acutford3k,tmn43>U0R,Antonio Cutford,acutford3k@edu.com,Portugal,No,Femenino,Soltero,No,No,Si,3.0
gdeverick3l,vqj83/%.!,Gerhardine Deverick,gdeverick3l@edu.com,Portugal,No,Femenino,Soltero,No,No,Si,0.0
molekhov3m,csx93szt_Y,Michaelina Olekhov,molekhov3m@edu.com,Portugal,No,Femenino,Soltero,No,Si,Si,0.0
gorbine3n,yas24,Gaven Orbine,gorbine3n@edu.com,Portugal,No,Femenino,Soltero,No,No,Si,0.0
dshoutt3o,kko30MjYk,Durante Shoutt,dshoutt3o@edu.com,Portugal,No,Femenino,Soltero,No,No,Si,0.0
gwhacket3p,eod47WnnK,Giselbert Whacket,gwhacket3p@edu.com,Portugal,No,Femenino,Soltero,No,No,Si,3.0
rsymes3q,znl59w>9,Rudyard Symes,rsymes3q@edu.com,Portugal,No,Femenino,Soltero,No,No,No,0.0
efurse3r,mlw49*>`~Y,Eal Furse,efurse3r@edu.com,Portugal,No,Femenino,Soltero,Si,Si,No,6.0
xpettit3s,pmt40q\&=O,Xena Pettit,xpettit3s@edu.com,Portugal,No,Femenino,Soltero,No,No,Si,9.0
egirardey3t,aeb10%$',Effie Girardey,egirardey3t@edu.com,Portugal,No,Femenino,Soltero,Si,Si,No,0.0
phanselmann3u,sht34hp/o~,Paulo Hanselmann,phanselmann3u@edu.com,Portugal,No,Femenino,Soltero,No,Si,No,6.0
bblaschek3v,"uua62k""tYX",Brock Blaschek,bblaschek3v@edu.com,Portugal,No,Femenino,Soltero,No,No,No,4.0
amackomb3w,xki58?j@T,Al MacKomb,amackomb3w@edu.com,Portugal,No,Femenino,Soltero,No,No,Si,3.0
lhammett3x,"lam545""",Lay Hammett,lhammett3x@edu.com,Portugal,No,Femenino,Soltero,No,Si,Si,0.0
mmordaunt3y,zrv99_M$un,Merline Mordaunt,mmordaunt3y@edu.com,Portugal,No,Femenino,Soltero,Si,No,Si,0.0
sbantick3z,brh49,Salmon Bantick,sbantick3z@edu.com,Portugal,No,Femenino,Soltero,No,Si,Si,7.0
bgrima40,foe68aI(I,Barrett Grima,bgrima40@edu.com,Portugal,No,Femenino,Soltero,No,Si,Si,3.0
cdomange41,qeo51{|hb,Cletus Domange,cdomange41@edu.com,Portugal,No,Femenino,Soltero,No,Si,Si,0.0
lstrowther42,kyh18_we&,Lonni Strowther,lstrowther42@edu.com,Portugal,No,Femenino,Soltero,No,No,Si,0.0
dzottoli43,owa56Mo>,Devy Zottoli,dzottoli43@edu.com,Portugal,No,Femenino,Soltero,No,No,Si,0.0
grydings44,sqp85,Glynis Rydings,grydings44@edu.com,Portugal,No,Femenino,Soltero,No,No,No,0.0
kparratt45,imk89fr\,Kelsi Parratt,kparratt45@edu.com,Portugal,No,Femenino,Soltero,No,Si,No,6.0
sperassi46,pyr92(,Shelli Perassi,sperassi46@edu.com,Portugal,No,Femenino,Soltero,No,No,Si,3.0
rewer47,rwn81.m,Ram Ewer,rewer47@edu.com,Portugal,No,Femenino,Soltero,No,No,No,4.0
htanfield48,efa46Vc,Hew Tanfield,htanfield48@edu.com,Portugal,No,Femenino,Soltero,No,No,Si,3.0
kgemeau49,dah349EAHT,Klara Gemeau,kgemeau49@edu.com,Portugal,No,Femenino,Soltero,No,No,Si,0.0
ebuglar4a,qnc66m=,Eugenie Buglar,ebuglar4a@edu.com,Portugal,No,Femenino,Soltero,No,No,Si,0.0
lwinfred4b,tex63(i,Lolita Winfred,lwinfred4b@edu.com,Portugal,No,Femenino,Soltero,No,No,No,3.0
bailmer4c,zkd99&$},Bella Ailmer,bailmer4c@edu.com,Portugal,No,Femenino,Soltero,No,Si,No,3.0
rsuter4d,lne68`aKl,Rurik Suter,rsuter4d@edu.com,Portugal,No,Femenino,Soltero,No,Si,Si,3.0
jomannion4e,mcf25a>`z,Julieta O'Mannion,jomannion4e@edu.com,Portugal,No,Femenino,Soltero,No,No,Si,0.0
ballington4f,emk54JHO,Brand Allington,ballington4f@edu.com,Portugal,No,Femenino,Soltero,No,Si,No,0.0
siddiens4g,rex66@6>w?,Sherwood Iddiens,siddiens4g@edu.com,Portugal,No,Femenino,Soltero,No,No,No,3.0
wricioppo4h,yxf00`(,Wolfie Ricioppo,wricioppo4h@edu.com,Portugal,No,Femenino,Soltero,No,Si,Si,6.0
cpendlington4i,mva32{>io(,Consuelo Pendlington,cpendlington4i@edu.com,Portugal,No,Femenino,Soltero,No,No,Si,0.0
lmenloe4j,lpn56@o9d#,Latrina Menloe,lmenloe4j@edu.com,Portugal,No,Femenino,Soltero,No,No,Si,0.0
ccristobal4k,bza33G,Cariotta Cristobal,ccristobal4k@edu.com,Portugal,No,Femenino,Soltero,No,No,No,3.0
hhemphrey4l,qex97>,Heinrik Hemphrey,hhemphrey4l@edu.com,Portugal,No,Femenino,Soltero,No,Si,No,3.0
ssimonazzi4m,kpu73#6rQb,Stefania Simonazzi,ssimonazzi4m@edu.com,Portugal,No,Femenino,Viudo,Si,No,No,6.0
acaseley4n,dhs34)wKv7,Andie Caseley,acaseley4n@edu.com,Portugal,No,Femenino,Soltero,No,No,No,3.0
thicks4o,ymd66XKm>t,Tammy Hicks,thicks4o@edu.com,Portugal,No,Femenino,Soltero,No,No,No,3.0
tstreatley4p,rmk84~vGX{,Tucker Streatley,tstreatley4p@edu.com,Portugal,No,Femenino,Soltero,No,No,Si,0.0
hghelerdini4q,qwj44uQc*O,Hobie Ghelerdini,hghelerdini4q@edu.com,Portugal,No,Femenino,Soltero,No,No,Si,0.0
brusse4r,knx31V,Bruno Russe,brusse4r@edu.com,Portugal,No,Femenino,Soltero,No,No,No,0.0
lheugh4s,fhi27{=C#,Letitia Heugh,lheugh4s@edu.com,Portugal,No,Femenino,Soltero,No,No,Si,3.0
wtremellier4t,rsy85~.8,Warden Tremellier,wtremellier4t@edu.com,Portugal,No,Femenino,Soltero,No,No,No,0.0
jrosenqvist4u,tfz11Zd1io,Joni Rosenqvist,jrosenqvist4u@edu.com,Portugal,No,Femenino,Soltero,Si,No,Si,0.0
sbladon4v,yet26TWQ,Sherilyn Bladon,sbladon4v@edu.com,Portugal,No,Femenino,Soltero,No,Si,Si,0.0
dsames4w,kiv16,Doro Sames,dsames4w@edu.com,Portugal,No,Femenino,Soltero,No,No,No,3.0
agallaway4x,bvs98,Aurthur Gallaway,agallaway4x@edu.com,Portugal,No,Femenino,Soltero,No,No,Si,0.0
jfold4y,vht85#0SVb,Jermaine Fold,jfold4y@edu.com,Portugal,No,Femenino,Soltero,No,No,Si,0.0
abaccas4z,gub42,Aime Baccas,abaccas4z@edu.com,Portugal,No,Femenino,Soltero,No,No,No,3.0
sferrino50,"cwd02A,zk",Seamus Ferrino,sferrino50@edu.com,Portugal,No,Femenino,Soltero,No,No,Si,3.0
hveivers51,rgw58m`1,Homer Veivers,hveivers51@edu.com,Portugal,No,Femenino,Soltero,No,Si,No,0.0
tfellibrand52,xjg78i,Teddi Fellibrand,tfellibrand52@edu.com,Portugal,No,Femenino,Soltero,Si,No,No,6.0
achalfain53,wbs81Avu=!,Anastassia Chalfain,achalfain53@edu.com,Portugal,No,Femenino,Soltero,No,No,Si,4.0
mpetronis54,xfa02EL+,Maxine Petronis,mpetronis54@edu.com,Portugal,No,Femenino,Soltero,No,No,No,9.0
tpurchall55,fjw02?G!k0,Trudey Purchall,tpurchall55@edu.com,Portugal,No,Femenino,Soltero,Si,No,Si,4.0
kchoffin56,sqv67ps,Kayla Choffin,kchoffin56@edu.com,Portugal,No,Femenino,Soltero,Si,No,No,0.0
rgallear57,ogh35,Rik Gallear,rgallear57@edu.com,Portugal,No,Femenino,Soltero,No,Si,Si,0.0
mmactimpany58,qyd44,Meggy MacTimpany,mmactimpany58@edu.com,Portugal,No,Femenino,Soltero,No,No,Si,4.0
tcallander59,vni36.,Terencio Callander,tcallander59@edu.com,Portugal,No,Femenino,Soltero,No,No,Si,3.0
fcrier5a,trz01F,Faydra Crier,fcrier5a@edu.com,Portugal,No,Femenino,Soltero,No,Si,No,0.0
sritchings5b,rgn74,Shaina Ritchings,sritchings5b@edu.com,Portugal,No,Femenino,Soltero,No,No,No,3.0
cconrart5c,hbu79K,Carol Conrart,cconrart5c@edu.com,Portugal,No,Femenino,Soltero,No,No,Si,0.0
nsherwill5d,gsj58T`,Nanni Sherwill,nsherwill5d@edu.com,Portugal,No,Femenino,Soltero,No,No,No,3.0
tfilshin5e,ezu56|iS,Teodoro Filshin,tfilshin5e@edu.com,Portugal,No,Femenino,Soltero,No,No,Si,3.0
cbrazenor5f,wic55MH,Cos Brazenor,cbrazenor5f@edu.com,Portugal,No,Femenino,Soltero,No,No,Si,6.0
mbaulch5g,pbj28B,Myriam Baulch,mbaulch5g@edu.com,Portugal,No,Femenino,Soltero,No,No,Si,0.0
afloyde5h,ldm55c7s,Alvy Floyde,afloyde5h@edu.com,Portugal,No,Femenino,Soltero,No,No,No,9.0
cskeffington5i,sxj2911c,Clevey Skeffington,cskeffington5i@edu.com,Portugal,No,Femenino,Soltero,No,No,No,0.0
kdimic5j,khp53',Kristen Dimic,kdimic5j@edu.com,Portugal,No,Femenino,Soltero,No,No,No,4.0
tmagauran5k,svd84,Tyson Magauran,tmagauran5k@edu.com,Portugal,No,Femenino,Soltero,No,No,Si,0.0
aiacopetti5l,pjl14,Asa Iacopetti,aiacopetti5l@edu.com,Portugal,No,Femenino,Soltero,No,No,Si,3.0
rbarkshire5m,"oav22""a",Robby Barkshire,rbarkshire5m@edu.com,Portugal,No,Femenino,Soltero,No,No,Si,0.0
mbuckthorpe5n,fzf49<#>,Muffin Buckthorpe,mbuckthorpe5n@edu.com,Portugal,No,Femenino,Soltero,Si,No,No,0.0
rgoby5o,pzy73Cxt,Rock Goby,rgoby5o@edu.com,Portugal,No,Femenino,Soltero,No,Si,No,0.0
setock5p,gfi80),Sondra Etock,setock5p@edu.com,Portugal,No,Femenino,Soltero,No,No,Si,3.0
gchesnut5q,ncf10v,Gwendolin Chesnut,gchesnut5q@edu.com,Portugal,No,Femenino,Soltero,No,No,Si,2.0
bfreire5r,fkl20,Benedicto Freire,bfreire5r@edu.com,Portugal,No,Femenino,Soltero,No,Si,Si,3.0
fechalier5s,bgd918L5,Floris Echalier,fechalier5s@edu.com,Portugal,No,Femenino,Soltero,No,No,Si,0.0
oduferie5t,fcf46bo,Onofredo Duferie,oduferie5t@edu.com,Portugal,No,Femenino,Soltero,No,Si,No,0.0
bonslow5u,alj35(s@,Bealle Onslow,bonslow5u@edu.com,Portugal,No,Femenino,Soltero,No,Si,Si,0.0
deversley5v,"sly75,N",Dee Eversley,deversley5v@edu.com,Portugal,No,Femenino,Soltero,No,Si,No,3.0
dlennox5w,vra36x@{!C,D'arcy Lennox,dlennox5w@edu.com,Portugal,No,Femenino,Soltero,No,Si,Si,3.0
tpelosi5x,wbt61FPs)#,Tab Pelosi,tpelosi5x@edu.com,Portugal,No,Femenino,Soltero,No,Si,No,0.0
mdytham5y,bnd42,Mechelle Dytham,mdytham5y@edu.com,Portugal,No,Femenino,Soltero,No,No,No,9.0
hroskell5z,fpw57v/aj,Heywood Roskell,hroskell5z@edu.com,Portugal,No,Femenino,Soltero,No,No,No,0.0
ilemm60,xkp41{,Irvine Lemm,ilemm60@edu.com,Portugal,No,Femenino,Soltero,No,Si,Si,0.0
dhallums61,ubo89uN,Davis Hallums,dhallums61@edu.com,Portugal,No,Femenino,Soltero,No,No,Si,0.0
geastlake62,nad73,Guido Eastlake,geastlake62@edu.com,Portugal,No,Femenino,Soltero,No,Si,No,0.0
santonioni63,ovy48d~*tq,Spenser Antonioni,santonioni63@edu.com,Portugal,No,Femenino,Soltero,No,No,No,0.0
pmacqueen64,sah063!b.K,Price MacQueen,pmacqueen64@edu.com,Portugal,No,Femenino,Soltero,No,Si,No,12.0
trollin65,xml83Cr,Tove Rollin,trollin65@edu.com,Portugal,Si,Femenino,Casado,No,Si,No,0.0
cbourthoumieux66,lth81NY,Chrissy Bourthoumieux,cbourthoumieux66@edu.com,Portugal,No,Femenino,Soltero,No,No,Si,0.0
scunningham67,"xgh841""5z",Susi Cunningham,scunningham67@edu.com,Portugal,No,Femenino,Soltero,No,Si,No,0.0
cthom68,dsf50s_cP,Cherish Thom,cthom68@edu.com,Portugal,No,Femenino,Soltero,No,Si,Si,0.0
cpero69,qwd40O#usl,Carissa Pero,cpero69@edu.com,Portugal,No,Femenino,Casado,No,No,No,3.0
tsanz6a,kuh72Q'gB,Tait Sanz,tsanz6a@edu.com,Portugal,No,Femenino,Casado,No,No,No,0.0
kzamorrano6b,rpe46YHO5q,Kalila Zamorrano,kzamorrano6b@edu.com,Portugal,No,Femenino,Soltero,No,Si,No,0.0
vdufer6c,mrl84b$ZCV,Valentine Dufer,vdufer6c@edu.com,Portugal,No,Femenino,Soltero,No,No,Si,0.0
icripin6d,zfq29Oq#=&,Inglebert Cripin,icripin6d@edu.com,Portugal,No,Femenino,Soltero,No,Si,Si,3.0
rburgoyne6e,ena97f}!sU,Rochette Burgoyne,rburgoyne6e@edu.com,Portugal,No,Femenino,Soltero,No,No,Si,0.0
jbram6f,fbj82t\<(,Joline Bram,jbram6f@edu.com,Portugal,No,Femenino,Soltero,No,No,No,0.0
aalgore6g,sus64,Ardis Algore,aalgore6g@edu.com,Portugal,No,Femenino,Soltero,No,No,No,0.0
tclancey6h,evs38&7v,Tessi Clancey,tclancey6h@edu.com,Portugal,No,Femenino,Soltero,No,Si,No,9.0
kkobiera6i,mog5052/,Keslie Kobiera,kkobiera6i@edu.com,Portugal,No,Femenino,Soltero,No,No,No,0.0
wmorris6j,pkv86V,Wilbert Morris,wmorris6j@edu.com,Portugal,No,Femenino,Soltero,No,Si,No,0.0
randriessen6k,zcr34`o9G,Rickert Andriessen,randriessen6k@edu.com,Portugal,No,Femenino,Soltero,No,Si,No,0.0
zdrewry6l,ufb31Ybf,Zebadiah Drewry,zdrewry6l@edu.com,Portugal,Si,Femenino,Soltero,No,Si,No,2.0
rpovall6m,fqd37|\M,Ronalda Povall,rpovall6m@edu.com,Portugal,No,Femenino,Soltero,No,No,Si,0.0
cchristin6n,iwp576=y,Carr Christin,cchristin6n@edu.com,Portugal,No,Femenino,Soltero,Si,No,No,3.0
asyddall6o,jvz04T.,Annabela Syddall,asyddall6o@edu.com,Portugal,No,Femenino,Soltero,No,No,Si,0.0
ydocker6p,azk64i2M#,Yasmin Docker,ydocker6p@edu.com,Portugal,No,Femenino,Soltero,No,No,Si,3.0
airemonger6q,ybl534S(,Aeriel Iremonger,airemonger6q@edu.com,Portugal,No,Femenino,Soltero,No,Si,Si,0.0
nphilipson6r,fgb805p4P9,Noe Philipson,nphilipson6r@edu.com,Portugal,No,Femenino,Soltero,No,No,No,0.0
vmasey6s,fvc24uJg+,Verile Masey,vmasey6s@edu.com,Portugal,No,Femenino,Soltero,No,Si,No,3.0
dbattle6t,znv57,Daphna Battle,dbattle6t@edu.com,Portugal,No,Femenino,Soltero,No,No,No,0.0
rpegram6u,wxt64(O8,Rozele Pegram,rpegram6u@edu.com,Portugal,No,Femenino,Soltero,No,Si,Si,3.0
nwyke6v,cwv34cZ,Natty Wyke,nwyke6v@edu.com,Portugal,No,Femenino,Soltero,Si,No,No,3.0
rdimmack6w,etu49&Q,Raquela Dimmack,rdimmack6w@edu.com,Portugal,No,Femenino,Soltero,No,No,Si,0.0
bskerman6x,vbw98ucnp*,Baron Skerman,bskerman6x@edu.com,Portugal,No,Femenino,Soltero,No,Si,Si,6.0
caburrow6y,saa16F,Corbie Aburrow,caburrow6y@edu.com,Portugal,No,Femenino,Soltero,No,No,Si,0.0
nmccourt6z,ydy73eJ,Ninnette McCourt,nmccourt6z@edu.com,Portugal,No,Femenino,Soltero,No,Si,Si,0.0
rmathivat70,zla64@P(,Rhody Mathivat,rmathivat70@edu.com,Portugal,No,Femenino,Soltero,No,No,No,3.0
bfolk71,"fnl32mP""T<",Barby Folk,bfolk71@edu.com,Portugal,No,Femenino,Soltero,No,No,Si,3.0
jhaggleton72,jqu41,Jill Haggleton,jhaggleton72@edu.com,Portugal,No,Femenino,Soltero,No,No,No,3.0
vpine73,wyn01!8e},Veradis Pine,vpine73@edu.com,Portugal,No,Femenino,Casado,Si,Si,Si,0.0
lkunisch74,ggw00,Lindy Kunisch,lkunisch74@edu.com,Portugal,No,Femenino,Soltero,No,No,No,6.0
dmatthis75,jld26(\5>i,Demetra Matthis,dmatthis75@edu.com,Portugal,No,Femenino,Soltero,No,No,No,3.0
gunger76,znb49${5p,Gawen Unger,gunger76@edu.com,Portugal,No,Femenino,Soltero,No,Si,Si,3.0
jhamlen77,mcv70B={Z,Judye Hamlen,jhamlen77@edu.com,Portugal,No,Femenino,Soltero,Si,No,Si,3.0
aberard78,eto76#aPr,Amye Berard,aberard78@edu.com,Portugal,No,Femenino,Soltero,No,Si,No,4.0
rclaxson79,hyi57,Ros Claxson,rclaxson79@edu.com,Portugal,No,Femenino,Soltero,No,No,No,3.0
vfealty7a,tug39xZ),Vickie Fealty,vfealty7a@edu.com,Portugal,No,Femenino,Soltero,Si,No,No,0.0
cklouz7b,fav34z9,Christophorus Klouz,cklouz7b@edu.com,Portugal,No,Femenino,Soltero,No,No,No,0.0
kjoontjes7c,lji83o,Klemens Joontjes,kjoontjes7c@edu.com,Portugal,No,Femenino,Soltero,No,No,No,3.0
ltams7d,nzc43,Langston Tams,ltams7d@edu.com,Portugal,No,Femenino,Soltero,No,No,Si,3.0
rbucktrout7e,jue72raVGT,Rodie Bucktrout,rbucktrout7e@edu.com,Portugal,No,Femenino,Soltero,No,No,Si,3.0
ghincks7f,fqr43uN,Gina Hincks,ghincks7f@edu.com,Portugal,No,Femenino,Soltero,No,Si,Si,0.0
gellicombe7g,sav05s,Genny Ellicombe,gellicombe7g@edu.com,Portugal,No,Femenino,Soltero,No,Si,Si,13.0
mweetch7h,onr535K(,Mariele Weetch,mweetch7h@edu.com,Portugal,No,Femenino,Soltero,No,Si,No,0.0
csiemandl7i,tbj60oI&D,Colet Siemandl,csiemandl7i@edu.com,Portugal,No,Femenino,Soltero,No,Si,No,0.0
ddust7j,ckz215,Danette Dust,ddust7j@edu.com,Portugal,No,Femenino,Soltero,No,No,Si,3.0
gromanski7k,gzy5070I,Gerhardt Romanski,gromanski7k@edu.com,Portugal,No,Femenino,Soltero,No,No,Si,3.0
mpaoli7l,rjq27v,Mercy Paoli,mpaoli7l@edu.com,Portugal,No,Femenino,Soltero,No,No,No,0.0
vlaker7m,hlt44m,Victoria Laker,vlaker7m@edu.com,Portugal,No,Femenino,Soltero,No,No,No,3.0
walderton7n,gzl99,Woody Alderton,walderton7n@edu.com,Portugal,No,Femenino,Soltero,No,No,Si,0.0
mcroux7o,kpr33EK,Mia Croux,mcroux7o@edu.com,Portugal,No,Femenino,Soltero,No,No,No,0.0
kdipple7p,xsb58CH,Kelli Dipple,kdipple7p@edu.com,Portugal,No,Femenino,Casado,Si,No,No,0.0
clambertini7q,typ12LX\Y,Cleo Lambertini,clambertini7q@edu.com,Portugal,No,Femenino,Soltero,No,Si,No,0.0
sgothrup7r,pnw87S,Sula Gothrup,sgothrup7r@edu.com,Portugal,No,Femenino,Soltero,No,Si,Si,3.0
piacobassi7s,vex501/y,Padraig Iacobassi,piacobassi7s@edu.com,Portugal,No,Femenino,Soltero,No,Si,Si,0.0
kgehrels7t,ewr83D,Kareem Gehrels,kgehrels7t@edu.com,Portugal,No,Femenino,Divorciado,No,Si,Si,0.0
cfountian7u,ulx08mR?,Caroline Fountian,cfountian7u@edu.com,Portugal,No,Femenino,Casado,No,No,No,6.0
lchalder7v,env90,Linda Chalder,lchalder7v@edu.com,Portugal,No,Femenino,Soltero,No,Si,No,3.0
mst7w,dvk69b,Midge St. Hill,mst7w@edu.com,Portugal,No,Femenino,Soltero,No,No,No,3.0
glelievre7x,uno51bsn?J,Gregg Lelievre,glelievre7x@edu.com,Portugal,No,Femenino,Casado,No,No,No,0.0
hudie7y,jtq89JWO,Hillel Udie,hudie7y@edu.com,Portugal,No,Femenino,Soltero,No,No,No,0.0
bsacaze7z,wjg953o>,Bone Sacaze,bsacaze7z@edu.com,Portugal,No,Femenino,Soltero,No,No,No,6.0
ktruckell80,muw79/_Uu,Kip Truckell,ktruckell80@edu.com,Portugal,No,Femenino,Soltero,No,Si,Si,14.0
hseldon81,ffi26*4vk,Harland Seldon,hseldon81@edu.com,Portugal,No,Femenino,Soltero,No,No,Si,0.0
nsibley82,sbm52HlL,Noe Sibley,nsibley82@edu.com,Portugal,No,Femenino,Soltero,No,No,Si,4.0
jwragg83,obo23w,Joye Wragg,jwragg83@edu.com,Portugal,No,Femenino,Soltero,Si,Si,No,0.0
acoveney84,cfu81v)&CN,Amos Coveney,acoveney84@edu.com,Portugal,No,Femenino,Soltero,No,No,No,0.0
sblacklock85,uob60D,Sashenka Blacklock,sblacklock85@edu.com,Portugal,No,Femenino,Soltero,No,Si,Si,0.0
jlemarie86,cqu80,Jodie Lemarie,jlemarie86@edu.com,Portugal,No,Femenino,Soltero,No,Si,Si,3.0
tivshin87,lsu211yt,Tamera Ivshin,tivshin87@edu.com,Portugal,No,Femenino,Casado,No,Si,No,6.0
efison88,dvc70X$,Emerson Fison,efison88@edu.com,Portugal,No,Femenino,Soltero,No,Si,Si,6.0
vwixey89,bfe18E@},Von Wixey,vwixey89@edu.com,Portugal,No,Femenino,Soltero,No,No,Si,3.0
tferronet8a,aui24GthKr,Thebault Ferronet,tferronet8a@edu.com,Portugal,No,Femenino,Soltero,No,No,Si,12.0
rstollman8b,aeq16TK,Rea Stollman,rstollman8b@edu.com,Portugal,No,Femenino,Soltero,No,No,No,3.0
hcotesford8c,env53IPSn,Hilda Cotesford,hcotesford8c@edu.com,Portugal,No,Femenino,Soltero,No,No,Si,0.0
dsommerling8d,avb58,Donal Sommerling,dsommerling8d@edu.com,Portugal,No,Femenino,Soltero,No,Si,Si,12.0
lferencowicz8e,npj63G,Liesa Ferencowicz,lferencowicz8e@edu.com,Portugal,No,Femenino,Soltero,No,Si,No,3.0
mrosenauer8f,chy88ZM/,Major Rosenauer,mrosenauer8f@edu.com,Portugal,No,Femenino,Soltero,Si,No,No,9.0
ccotterrill8g,tsk103tT/,Christin Cotterrill,ccotterrill8g@edu.com,Portugal,No,Femenino,Soltero,No,No,Si,0.0
sbende8h,gnw12*1jDC,Sheffy Bende,sbende8h@edu.com,Portugal,No,Femenino,Soltero,No,No,Si,0.0
aderl8i,hxh29SV\,Aldin Derl,aderl8i@edu.com,Portugal,No,Femenino,Soltero,No,No,Si,0.0
eglanister8j,zcl91Kx2V,Emiline Glanister,eglanister8j@edu.com,Portugal,No,Femenino,Soltero,No,No,Si,3.0
bvedenisov8k,tqx44onv3,Blondelle Vedenisov,bvedenisov8k@edu.com,Portugal,No,Femenino,Soltero,No,No,No,3.0
mcocklie8l,exy54,Marlo Cocklie,mcocklie8l@edu.com,Portugal,No,Femenino,Soltero,Si,No,Si,0.0
vsouthernwood8m,tkr597X%(,Valeria Southernwood,vsouthernwood8m@edu.com,Portugal,No,Femenino,Soltero,Si,No,No,3.0
mcastellone8n,lgw10M,Marthe Castellone,mcastellone8n@edu.com,Portugal,No,Femenino,Soltero,No,No,Si,0.0
lduiged8o,jxe66<_7Y1,Liesa Duiged,lduiged8o@edu.com,Portugal,No,Femenino,Soltero,No,Si,No,3.0
fcoche8p,mzn56fR(.H,Fallon Coche,fcoche8p@edu.com,Portugal,No,Femenino,Soltero,No,Si,Si,0.0
tbarnewille8q,tsi26x=,Trefor Barnewille,tbarnewille8q@edu.com,Portugal,No,Femenino,Soltero,No,No,No,0.0
btatlow8r,btx08R<?`,Binny Tatlow,btatlow8r@edu.com,Portugal,No,Femenino,Soltero,No,No,No,0.0
alouca8s,jvq46Q,Alessandro Louca,alouca8s@edu.com,Portugal,No,Femenino,Soltero,No,Si,Si,0.0
cvautrey8t,kjh38$,Colin Vautrey,cvautrey8t@edu.com,Portugal,No,Femenino,Soltero,No,No,No,3.0
haven8u,"qid43m,N{",Harv Aven,haven8u@edu.com,Portugal,No,Femenino,Soltero,No,Si,No,4.0
bclarey8v,"gum14B,d@",Balduin Clarey,bclarey8v@edu.com,Portugal,No,Femenino,Soltero,No,No,No,0.0
cbeston8w,rzv81&r,Colene Beston,cbeston8w@edu.com,Portugal,No,Femenino,Soltero,Si,No,No,3.0
balbasiny8x,fvt73${,Barry Albasiny,balbasiny8x@edu.com,Portugal,No,Femenino,Soltero,No,Si,Si,9.0
fdignam8y,tqz48u@I,Florella Dignam,fdignam8y@edu.com,Portugal,No,Femenino,Soltero,No,No,No,0.0
rjennery8z,fuh66=uB~,Rahal Jennery,rjennery8z@edu.com,Portugal,No,Femenino,Soltero,No,No,No,0.0
gbastie90,ygt885t?2O,Garfield Bastie,gbastie90@edu.com,Portugal,No,Femenino,Soltero,No,No,Si,0.0
bcholwell91,wjd50(q4,Bonita Cholwell,bcholwell91@edu.com,Portugal,No,Femenino,Soltero,No,No,Si,6.0
acrellin92,ddj62I,Avril Crellin,acrellin92@edu.com,Portugal,No,Femenino,Soltero,No,No,Si,0.0
schevalier93,qjj85ol}(,Shelton Chevalier,schevalier93@edu.com,Portugal,No,Femenino,Soltero,Si,No,No,6.0
abohea94,euc56I'~QE,Archaimbaud Bohea,abohea94@edu.com,Portugal,No,Femenino,Soltero,No,No,Si,0.0
flegion95,zgd97?,Fulvia Legion,flegion95@edu.com,Portugal,No,Femenino,Soltero,No,No,Si,0.0
ybilston96,giu14esQm,Yale Bilston,ybilston96@edu.com,Portugal,No,Femenino,Soltero,No,No,Si,3.0
eould97,qmv68<3,Em Ould,eould97@edu.com,Portugal,No,Femenino,Soltero,Si,No,No,0.0
tcookman98,vmo01p6,Tadeas Cookman,tcookman98@edu.com,Portugal,No,Femenino,Soltero,No,No,Si,0.0
mgrigoliis99,rvl75=fz<F,Malachi Grigoliis,mgrigoliis99@edu.com,Portugal,No,Femenino,Soltero,No,No,No,10.0
crysdale9a,jxi64S,Celestina Rysdale,crysdale9a@edu.com,Portugal,No,Femenino,Soltero,No,Si,Si,3.0
eoakwell9b,cgn84}T!m9,Emeline Oakwell,eoakwell9b@edu.com,Portugal,No,Femenino,Soltero,No,No,No,0.0
wdeppen9c,rjb13g,Wake Deppen,wdeppen9c@edu.com,Portugal,No,Femenino,Soltero,Si,No,No,3.0
jcleaver9d,xet06TgDeB,Jeannie Cleaver,jcleaver9d@edu.com,Portugal,No,Femenino,Soltero,No,Si,Si,3.0
smoody9e,yjr84t,Siegfried Moody,smoody9e@edu.com,Portugal,No,Femenino,Soltero,No,No,No,0.0
cstothard9f,lvm02=!,Charlena Stothard,cstothard9f@edu.com,Portugal,No,Femenino,Soltero,No,No,No,0.0
magglione9g,dop87T,Mel Agglione,magglione9g@edu.com,Portugal,No,Femenino,Soltero,No,No,Si,0.0
fstollmeier9h,ibs37Qn>,Florie Stollmeier,fstollmeier9h@edu.com,Portugal,No,Femenino,Soltero,No,No,Si,3.0
tballchin9i,utc44,Tisha Ballchin,tballchin9i@edu.com,Portugal,No,Femenino,Casado,No,No,Si,0.0
kgregorin9j,xna28L9wi8,Kassie Gregorin,kgregorin9j@edu.com,Portugal,No,Femenino,Soltero,No,No,No,3.0
cisaac9k,hpo95,Cristiano Isaac,cisaac9k@edu.com,Portugal,No,Femenino,Soltero,No,No,Si,0.0
htabour9l,stq69,Haydon Tabour,htabour9l@edu.com,Portugal,No,Femenino,Soltero,No,No,Si,3.0
shulks9m,ble98,Sam Hulks,shulks9m@edu.com,Portugal,No,Femenino,Soltero,No,No,No,0.0
raspray9n,zko04~S,Risa Aspray,raspray9n@edu.com,Portugal,No,Femenino,Divorciado,No,No,No,9.0
pkarpenya9o,cbt79=OW,Page Karpenya,pkarpenya9o@edu.com,Portugal,No,Femenino,Casado,No,No,No,3.0
tplayle9p,cpi98gk&XT,Tades Playle,tplayle9p@edu.com,Portugal,No,Femenino,Soltero,No,No,No,0.0
rrobison9q,eyy70g9,Raynard Robison,rrobison9q@edu.com,Portugal,No,Femenino,Soltero,No,No,Si,0.0
tlandal9r,jlq74e/XU,Thaddus Landal,tlandal9r@edu.com,Portugal,No,Femenino,Soltero,No,Si,No,0.0
gpatrick9s,csb66,Gweneth Patrick,gpatrick9s@edu.com,Portugal,No,Femenino,Soltero,No,No,Si,4.0
mudden9t,xyl335,Maura Udden,mudden9t@edu.com,Portugal,No,Femenino,Casado,Si,Si,No,9.0
ssennett9u,vro766j=RM,Shena Sennett,ssennett9u@edu.com,Portugal,No,Femenino,Soltero,Si,No,No,0.0
gcaslett9v,qtf27B.F&,Gerik Caslett,gcaslett9v@edu.com,Portugal,No,Femenino,Soltero,No,No,Si,2.0
tsmye9w,qgi12t,Tabbatha Smye,tsmye9w@edu.com,Portugal,No,Femenino,Soltero,No,No,No,0.0
bettery9x,bkm78@C,Barbee Ettery,bettery9x@edu.com,Portugal,No,Femenino,Soltero,No,No,No,0.0
dpischoff9y,spx18j=,Douglas Pischoff,dpischoff9y@edu.com,Portugal,No,Femenino,Soltero,Si,Si,No,3.0
rtewkesbury9z,pym33I~,Rollie Tewkesbury,rtewkesbury9z@edu.com,Portugal,No,Femenino,Soltero,No,No,No,3.0
bsnedkera0,fcs68Vfx,Bartholomeo Snedker,bsnedkera0@edu.com,Portugal,No,Femenino,Soltero,No,No,Si,3.0
ftitchena1,vfl91A5,Florette Titchen,ftitchena1@edu.com,Portugal,No,Femenino,Soltero,Si,No,No,0.0
ltowna2,rba08JaAZN,Luca Town,ltowna2@edu.com,Portugal,No,Femenino,Soltero,No,No,Si,6.0
dharlinga3,val33d>,Dwight Harling,dharlinga3@edu.com,Portugal,No,Femenino,Soltero,No,Si,Si,3.0
sdrohanea4,hgk86`ut,Sande Drohane,sdrohanea4@edu.com,Portugal,No,Femenino,Soltero,No,No,Si,0.0
aflorya5,sbp49y#,Artair Flory,aflorya5@edu.com,Portugal,No,Femenino,Soltero,No,Si,Si,6.0
srosielloa6,imo24/z,Seward Rosiello,srosielloa6@edu.com,Portugal,No,Femenino,Soltero,No,Si,Si,0.0
jvannonia7,"blf25F""iK",Johnnie Vannoni,jvannonia7@edu.com,Portugal,No,Femenino,Soltero,No,No,No,4.0
etitheridgea8,wdx34O10P,Ernestus Titheridge,etitheridgea8@edu.com,Portugal,No,Femenino,Soltero,No,Si,Si,0.0
pstatea9,pwx45KoY,Padgett State,pstatea9@edu.com,Portugal,No,Femenino,Soltero,No,No,Si,3.0
tbingellaa,noz70A,Tiertza Bingell,tbingellaa@edu.com,Portugal,No,Femenino,Casado,No,No,No,3.0
bdymondab,fzu77?E7,Brent Dymond,bdymondab@edu.com,Portugal,No,Femenino,Divorciado,No,Si,No,3.0
ohatherellac,mnh93,Odelia Hatherell,ohatherellac@edu.com,Portugal,No,Femenino,Soltero,No,Si,No,0.0
zscholcroftad,omp72*,Zelda Scholcroft,zscholcroftad@edu.com,Portugal,No,Femenino,Divorciado,No,No,No,4.0
mmatuskaae,bbj59(?CP,Marchall Matuska,mmatuskaae@edu.com,Portugal,No,Femenino,Casado,No,No,No,3.0
waxworthyaf,wdi70Cj,Wayland Axworthy,waxworthyaf@edu.com,Portugal,No,Femenino,Casado,Si,No,No,0.0
gsetteringtonag,cud14CQ)S1,Georas Setterington,gsetteringtonag@edu.com,Portugal,No,Femenino,Soltero,No,No,Si,0.0
djodrellecah,zpd40e#.,Dode Jodrellec,djodrellecah@edu.com,Portugal,No,Femenino,Soltero,No,Si,Si,0.0
kspearmanai,tqt92z(,Kelvin Spearman,kspearmanai@edu.com,Portugal,No,Femenino,Soltero,No,Si,Si,0.0
cduetscheaj,shg17a?Gx,Clea Duetsche,cduetscheaj@edu.com,Portugal,No,Femenino,Soltero,No,No,Si,0.0
edionisioak,rob06l%M,Esta Dionisio,edionisioak@edu.com,Portugal,No,Femenino,Divorciado,No,Si,No,0.0
jocalleranal,ymg80(X,Jareb O'Calleran,jocalleranal@edu.com,Portugal,No,Femenino,Soltero,No,No,No,3.0
aantonikovam,epw51y_,Abie Antonikov,aantonikovam@edu.com,Portugal,No,Femenino,Soltero,No,No,No,0.0
cyewmanan,yus25,Christian Yewman,cyewmanan@edu.com,Portugal,No,Femenino,Soltero,No,Si,No,3.0
dtewkesburyao,nsm50z,Danya Tewkesbury.,dtewkesburyao@edu.com,Portugal,No,Femenino,Soltero,No,No,No,0.0
gklesseap,bhd97kf,Goddard Klesse,gklesseap@edu.com,Portugal,No,Femenino,Soltero,No,No,No,3.0
mwollardaq,ney20,Marwin Wollard,mwollardaq@edu.com,Portugal,No,Femenino,Soltero,No,No,No,0.0
aheavensar,pxy846b_Z,Ashlen Heavens,aheavensar@edu.com,Portugal,No,Femenino,Soltero,No,No,No,0.0
kdisburyas,mmz69T,Kareem Disbury,kdisburyas@edu.com,Portugal,No,Femenino,Soltero,No,No,Si,0.0
sgordgeat,hyo00rv,Sidnee Gordge,sgordgeat@edu.com,Portugal,No,Femenino,Soltero,No,Si,No,4.0
mhemsteadau,sjp91sq,Melisande Hemstead,mhemsteadau@edu.com,Portugal,No,Femenino,Soltero,No,No,Si,0.0
rbolensav,buj93iT+r,Rayshell Bolens,rbolensav@edu.com,Portugal,Si,Femenino,Soltero,No,No,No,0.0
escullionaw,hup16p,Elyn Scullion,escullionaw@edu.com,Portugal,No,Femenino,Soltero,Si,No,Si,0.0
jhulburdax,nyq628j,Jorry Hulburd,jhulburdax@edu.com,Portugal,No,Femenino,Soltero,No,No,No,0.0
jmoodeyay,pns26_,Jule Moodey,jmoodeyay@edu.com,Portugal,No,Femenino,Soltero,No,No,No,0.0
wwalentaaz,bti90,Willie Walenta,wwalentaaz@edu.com,Portugal,No,Femenino,Soltero,No,Si,Si,0.0
gbainsb0,zkh06t+Lq,Gabbey Bains,gbainsb0@edu.com,Portugal,No,Femenino,Soltero,No,No,Si,0.0
tbenzieb1,mvy86.,Tawsha Benzie,tbenzieb1@edu.com,Portugal,No,Femenino,Soltero,No,Si,Si,3.0
eparzizekb2,fbf17E7WIR,Elfie Parzizek,eparzizekb2@edu.com,Portugal,No,Femenino,Soltero,Si,No,Si,2.0
thosierb3,"lfp02{c,+",Tara Hosier,thosierb3@edu.com,Portugal,No,Femenino,Soltero,No,No,Si,0.0
fsansb4,"xxs85lB,'",Farris Sans,fsansb4@edu.com,Portugal,No,Femenino,Soltero,No,Si,No,0.0
ethatchamb5,bkt93S`=D,Emmalynn Thatcham,ethatchamb5@edu.com,Portugal,No,Femenino,Soltero,No,No,Si,0.0
ccajklerb6,erz07jw`M,Clemence Cajkler,ccajklerb6@edu.com,Portugal,Si,Femenino,Soltero,No,No,Si,6.0
cmarthenb7,znd04,Casar Marthen,cmarthenb7@edu.com,Portugal,No,Femenino,Soltero,No,No,No,0.0
lmcgrahb8,qlj13((G,Lani McGrah,lmcgrahb8@edu.com,Portugal,No,Femenino,Soltero,No,No,Si,4.0
mdupoyb9,xqc19h,Myrvyn Dupoy,mdupoyb9@edu.com,Portugal,No,Femenino,Soltero,No,No,Si,0.0
tkneeboneba,rrd25P<aW,Tye Kneebone,tkneeboneba@edu.com,Portugal,No,Femenino,Soltero,No,No,Si,0.0
bmeachanbb,yxe33dTs#(,Bentley Meachan,bmeachanbb@edu.com,Portugal,No,Femenino,Soltero,No,No,No,9.0
gmagarrellbc,ciw87&0o,Glynn Magarrell,gmagarrellbc@edu.com,Portugal,No,Femenino,Soltero,No,No,No,0.0
rtroyesbd,hqa29U8a,Raimondo Troyes,rtroyesbd@edu.com,Portugal,No,Femenino,Divorciado,No,No,No,0.0
plernerbe,ldx97T2u4,Park Lerner,plernerbe@edu.com,Portugal,No,Femenino,Soltero,No,Si,Si,0.0
btripneybf,fow21bq,Bail Tripney,btripneybf@edu.com,Portugal,No,Femenino,Soltero,No,No,No,0.0
jmellmothbg,eng82,Johnny Mellmoth,jmellmothbg@edu.com,Portugal,No,Femenino,Soltero,No,No,Si,3.0
bgiorgiellibh,ssm52jj,Benedicta Giorgielli,bgiorgiellibh@edu.com,Portugal,No,Femenino,Soltero,No,No,No,3.0
kkeijserbi,zdf55FHQ2a,Karry Keijser,kkeijserbi@edu.com,Portugal,No,Femenino,Soltero,No,Si,Si,3.0
shatliffbj,xqh02UkvMp,Serena Hatliff,shatliffbj@edu.com,Portugal,No,Femenino,Soltero,No,No,No,0.0
fmcgeorgebk,"cqd56{""M",Francene McGeorge,fmcgeorgebk@edu.com,Portugal,No,Femenino,Soltero,No,No,Si,0.0
abodybl,nbn07L,Alicia Body,abodybl@edu.com,Portugal,No,Femenino,Soltero,No,No,Si,8.0
cbodenbm,xxu44fti`I,Carleen Boden,cbodenbm@edu.com,Portugal,No,Femenino,Soltero,No,Si,Si,0.0
lpaddonbn,ilq18uwk,Layla Paddon,lpaddonbn@edu.com,Portugal,No,Femenino,Soltero,No,No,No,0.0
zwilsteadbo,svz25=~w,Zebulon Wilstead,zwilsteadbo@edu.com,Portugal,No,Femenino,Soltero,No,Si,No,4.0
egallybp,lky13y~,Elle Gally,egallybp@edu.com,Portugal,No,Femenino,Soltero,No,No,No,0.0
ecominettibq,qwe68,Esdras Cominetti,ecominettibq@edu.com,Portugal,No,Femenino,Soltero,No,No,Si,6.0
ubittanybr,gdk25J5L,Uri Bittany,ubittanybr@edu.com,Portugal,No,Femenino,Soltero,No,No,Si,6.0
dbelonebs,wkz65+,Drusilla Belone,dbelonebs@edu.com,Portugal,No,Femenino,Soltero,No,No,Si,0.0
ccastelynbt,iyu22s>,Caitlin Castelyn,ccastelynbt@edu.com,Portugal,No,Femenino,Soltero,No,No,No,3.0
troccabu,zoc72pHT$#,Thorsten Rocca,troccabu@edu.com,Portugal,No,Femenino,Soltero,No,No,Si,0.0
mpionterbv,mit67,Manfred Pionter,mpionterbv@edu.com,Portugal,No,Femenino,Soltero,No,No,Si,0.0
mgabrielibw,ivt08G2m,Meggie Gabrieli,mgabrielibw@edu.com,Portugal,No,Femenino,Viudo,No,No,Si,0.0
lsemberbx,end38MG\LL,Lea Sember,lsemberbx@edu.com,Portugal,No,Femenino,Soltero,No,No,No,0.0
mcowgillby,ufi38c16,Marice Cowgill,mcowgillby@edu.com,Portugal,No,Femenino,Soltero,No,Si,Si,0.0
ahinkinsbz,owr23,Alexandre Hinkins,ahinkinsbz@edu.com,Portugal,No,Femenino,Soltero,No,Si,No,3.0
amallionc0,ltm34,Alfred Mallion,amallionc0@edu.com,Portugal,No,Femenino,Soltero,No,Si,Si,4.0
mridgwayc1,eet21a,Melitta Ridgway,mridgwayc1@edu.com,Portugal,No,Femenino,Soltero,No,Si,No,9.0
mgerreltc2,jal96peUDw,Mirabel Gerrelt,mgerreltc2@edu.com,Portugal,No,Femenino,Soltero,No,No,Si,0.0
bkendrickc3,wke39c&Ixc,Bartolomeo Kendrick,bkendrickc3@edu.com,Portugal,No,Femenino,Soltero,No,Si,Si,4.0
wtwaitsc4,igu14N}w,Whitney Twaits,wtwaitsc4@edu.com,Portugal,No,Femenino,Soltero,No,Si,No,6.0
strevarthenc5,pam446,Siward Trevarthen,strevarthenc5@edu.com,Portugal,No,Femenino,Soltero,No,Si,No,0.0
gmariyushkinc6,xnj318,Gaylord Mariyushkin,gmariyushkinc6@edu.com,Portugal,No,Femenino,Soltero,No,No,Si,0.0
aklimkiewichc7,inu78*`<9,Archibald Klimkiewich,aklimkiewichc7@edu.com,Portugal,No,Femenino,Casado,No,No,Si,2.0
jswalteridgec8,cgf3585%mi,Jozef Swalteridge,jswalteridgec8@edu.com,Portugal,No,Femenino,Soltero,No,No,No,3.0
agabbettc9,msc10}R,Abrahan Gabbett,agabbettc9@edu.com,Portugal,No,Femenino,Soltero,Si,No,Si,0.0
pkeenorca,bqo86W,Pietra Keenor,pkeenorca@edu.com,Portugal,No,Femenino,Soltero,No,No,Si,2.0
pkirvincb,aqe20qW8L,Patrice Kirvin,pkirvincb@edu.com,Portugal,No,Femenino,Soltero,No,Si,Si,3.0
gginnanecc,bab71>,Gisele Ginnane,gginnanecc@edu.com,Portugal,No,Femenino,Soltero,No,No,No,6.0
cmolecd,"rxn04W@""1",Che Mole,cmolecd@edu.com,Portugal,No,Femenino,Soltero,No,Si,Si,0.0
gmccartce,kqy03O)U,Gunther McCart,gmccartce@edu.com,Portugal,No,Femenino,Soltero,No,Si,No,0.0
pritchiecf,tuo47+,Pandora Ritchie,pritchiecf@edu.com,Portugal,No,Femenino,Soltero,No,No,Si,0.0
cclemencecg,tcl46NG,Carmelle Clemence,cclemencecg@edu.com,Portugal,No,Femenino,Soltero,No,No,Si,0.0
mscamalch,knd76j',Merle Scamal,mscamalch@edu.com,Portugal,No,Femenino,Soltero,No,Si,Si,0.0
hcockshotci,xrp82o,Helaina Cockshot,hcockshotci@edu.com,Portugal,No,Femenino,Soltero,No,No,Si,0.0
ccarlilecj,zlz93k$4)~,Courtney Carlile,ccarlilecj@edu.com,Portugal,No,Femenino,Soltero,No,Si,Si,0.0
jtaylorck,xsa424,Jdavie Taylor,jtaylorck@edu.com,Portugal,No,Femenino,Soltero,No,No,Si,3.0
aduckfieldcl,ezq16s@i,Alberik Duckfield,aduckfieldcl@edu.com,Portugal,No,Femenino,Soltero,No,No,No,6.0
umillcm,qzj87HjHw,Umeko Mill,umillcm@edu.com,Portugal,No,Femenino,Soltero,No,No,Si,3.0
fbarkesscn,"rrv13""A",Freeman Barkess,fbarkesscn@edu.com,Portugal,No,Femenino,Casado,No,No,No,0.0
cpuckettco,jrq62L,Conrad Puckett,cpuckettco@edu.com,Portugal,No,Femenino,Soltero,No,No,No,0.0
achiverscp,rmv52_,Amara Chivers,achiverscp@edu.com,Portugal,No,Femenino,Soltero,No,No,No,0.0
wfonzocq,swi79V,Waiter Fonzo,wfonzocq@edu.com,Portugal,No,Femenino,Casado,No,No,Si,0.0
tgarmcr,buf23Jf(,Tomas Garm,tgarmcr@edu.com,Portugal,No,Femenino,Soltero,No,Si,No,0.0
mchapelhowcs,xgs04{My,Marjie Chapelhow,mchapelhowcs@edu.com,Portugal,No,Femenino,Soltero,No,No,Si,0.0
abrushneenct,ptz42,Adelaida Brushneen,abrushneenct@edu.com,Portugal,No,Femenino,Soltero,No,Si,No,0.0
dcinnamondcu,acd66,Dixie Cinnamond,dcinnamondcu@edu.com,Portugal,No,Femenino,Soltero,No,No,No,0.0
ghalpinecv,xac76z=,Gerty Halpine,ghalpinecv@edu.com,Portugal,No,Femenino,Soltero,Si,No,Si,0.0
kpysoncw,fkx87qu}P,Kathi Pyson,kpysoncw@edu.com,Portugal,No,Femenino,Soltero,No,No,No,0.0
smatejiccx,awd70sK,Sisely Matejic,smatejiccx@edu.com,Portugal,No,Femenino,Soltero,No,No,No,3.0
agellioncy,mpj68,Alden Gellion,agellioncy@edu.com,Portugal,No,Femenino,Soltero,No,No,Si,0.0
csaltmancz,zpr74@>\`,Coreen Saltman,csaltmancz@edu.com,Portugal,No,Femenino,Soltero,No,Si,No,3.0
fbackwelld0,fgi55,Ferd Backwell,fbackwelld0@edu.com,Portugal,No,Femenino,Soltero,No,Si,Si,6.0
vgoldend1,pgb96X9R0v,Vail Golden of Ireland,vgoldend1@edu.com,Portugal,No,Femenino,Soltero,No,Si,Si,0.0
calecockd2,kqz14r@\qi,Collie Alecock,calecockd2@edu.com,Portugal,No,Femenino,Soltero,No,Si,Si,0.0
sbeastalld3,htu08,Stacee Beastall,sbeastalld3@edu.com,Portugal,No,Femenino,Soltero,No,Si,No,3.0
fpracyd4,gnv50f,Fitz Pracy,fpracyd4@edu.com,Portugal,No,Femenino,Soltero,No,No,No,18.0
csissensd5,zip01dN<5',Candace Sissens,csissensd5@edu.com,Portugal,No,Femenino,Soltero,No,No,Si,0.0
bdumbletond6,wyx78&,Berte Dumbleton,bdumbletond6@edu.com,Portugal,No,Femenino,Soltero,No,No,Si,0.0
ccookd7,qtz30IM$R`,Chandra Cook,ccookd7@edu.com,Portugal,No,Femenino,Soltero,No,No,Si,0.0
jrowseld8,etf92z,Jasmin Rowsel,jrowseld8@edu.com,Portugal,No,Femenino,Soltero,No,No,Si,0.0
bgoodered9,quy644,Berkie Goodere,bgoodered9@edu.com,Portugal,No,Femenino,Soltero,No,No,No,0.0
ophilpinda,keu34,Onofredo Philpin,ophilpinda@edu.com,Portugal,Si,Femenino,Soltero,No,No,No,6.0
bstocksdb,xol74vs,Birgit Stocks,bstocksdb@edu.com,Portugal,No,Femenino,Soltero,No,Si,Si,3.0
kjirsadc,zbg163&c,Kilian Jirsa,kjirsadc@edu.com,Portugal,No,Femenino,Soltero,No,No,No,3.0
ugunnerdd,rug98Au$BD,Ulrikaumeko Gunner,ugunnerdd@edu.com,Portugal,No,Femenino,Soltero,No,Si,Si,0.0
bnutbeemde,nbz35=,Bastien Nutbeem,bnutbeemde@edu.com,Portugal,No,Femenino,Soltero,No,No,No,0.0
djeannotdf,"bwu35q""",Dita Jeannot,djeannotdf@edu.com,Portugal,No,Femenino,Soltero,No,No,No,3.0
dmatveichevdg,ntd75&a|l,Dene Matveichev,dmatveichevdg@edu.com,Portugal,No,Femenino,Soltero,No,Si,Si,3.0
ghaddydh,crv23%i2N,Gardiner Haddy,ghaddydh@edu.com,Portugal,No,Femenino,Soltero,No,Si,No,3.0
cmcgebenaydi,rrc52\,Celka McGebenay,cmcgebenaydi@edu.com,Portugal,No,Femenino,Soltero,No,No,Si,15.0
tmcreynoldsdj,wry26y,Theadora McReynolds,tmcreynoldsdj@edu.com,Portugal,No,Femenino,Soltero,No,No,No,4.0
cdurbyndk,dfh63CS'+K,Caterina Durbyn,cdurbyndk@edu.com,Portugal,No,Femenino,Soltero,No,Si,Si,0.0
zmesantdl,vom73#z.Zw,Zulema Mesant,zmesantdl@edu.com,Portugal,No,Femenino,Soltero,No,Si,Si,0.0
rsquirrelldm,kly33,Ranice Squirrell,rsquirrelldm@edu.com,Portugal,No,Femenino,Soltero,No,No,No,0.0
mhaimesdn,sbp04hZ,Michale Haimes,mhaimesdn@edu.com,Portugal,No,Femenino,Soltero,No,No,No,0.0
nblowendo,dde29,Nigel Blowen,nblowendo@edu.com,Portugal,No,Femenino,Soltero,No,No,Si,3.0
nkneaphseydp,jgg682,Nickie Kneaphsey,nkneaphseydp@edu.com,Portugal,No,Femenino,Soltero,Si,No,Si,3.0
vgrovedq,blh91,Vergil Grove,vgrovedq@edu.com,Portugal,Si,Femenino,Soltero,No,No,Si,3.0
ftomekdr,sgh67,Freddy Tomek,ftomekdr@edu.com,Portugal,No,Femenino,Soltero,Si,No,No,0.0
mprettymands,izn73N,Myrta Prettyman,mprettymands@edu.com,Portugal,No,Femenino,Soltero,No,No,No,3.0
bbussendt,dat63ah>O,Brittney Bussen,bbussendt@edu.com,Portugal,No,Femenino,Soltero,No,No,Si,4.0
hschreursdu,exi59FPxp,Holly-anne Schreurs,hschreursdu@edu.com,Portugal,No,Femenino,Soltero,No,No,No,9.0
neveleighdv,ipf47gm~k8,Nadine Eveleigh,neveleighdv@edu.com,Portugal,No,Femenino,Soltero,No,No,No,0.0
sdannelldw,zbj78pBz,Sophi Dannell,sdannelldw@edu.com,Portugal,No,Femenino,Soltero,No,No,Si,3.0
yayresdx,evp87Q,Yoshiko Ayres,yayresdx@edu.com,Portugal,No,Femenino,Soltero,No,No,Si,0.0
gganiforddy,jcr90T},Gisele Ganiford,gganiforddy@edu.com,Portugal,No,Femenino,Soltero,No,No,No,0.0
plohandz,wpv23sTNn8,Philbert Lohan,plohandz@edu.com,Portugal,No,Femenino,Soltero,No,No,No,0.0
jbuesnele0,qwo45@,Jock Buesnel,jbuesnele0@edu.com,Portugal,No,Femenino,Soltero,No,Si,Si,6.0
lbroome1,rah46Orm1#,Latia Broom,lbroome1@edu.com,Portugal,No,Femenino,Soltero,No,No,No,3.0
amuscate2,mvo12mYH@(,Aubry Muscat,amuscate2@edu.com,Portugal,No,Femenino,Soltero,No,No,No,3.0
lminicoe3,woc23a_KQ,Lidia Minico,lminicoe3@edu.com,Portugal,No,Femenino,Soltero,No,No,Si,0.0
mpellitte4,bbg23,Mike Pellitt,mpellitte4@edu.com,Portugal,No,Femenino,Soltero,No,No,No,0.0
jdaniellie5,php886,Jorey Danielli,jdaniellie5@edu.com,Portugal,Si,Femenino,Soltero,No,No,No,3.0
ahardwaree6,gpq60~5,Alistair Hardware,ahardwaree6@edu.com,Portugal,No,Femenino,Soltero,No,No,Si,0.0
dgrishmanove7,wvn45DopC,Dickie Grishmanov,dgrishmanove7@edu.com,Portugal,No,Femenino,Casado,No,No,No,0.0
smcmichelle8,ugh32,Sarajane McMichell,smcmichelle8@edu.com,Portugal,No,Femenino,Soltero,No,No,No,0.0
gmallinsone9,dkp44,Garwood Mallinson,gmallinsone9@edu.com,Portugal,No,Femenino,Soltero,No,No,No,3.0
gwoodworthea,ama03/,Garland Woodworth,gwoodworthea@edu.com,Portugal,No,Femenino,Casado,Si,No,No,0.0
bfelipeb,pin54m|a,Byrann felip,bfelipeb@edu.com,Portugal,No,Femenino,Casado,Si,No,No,0.0
bloyndonec,osb25r@fB,Brigid Loyndon,bloyndonec@edu.com,Portugal,No,Femenino,Casado,No,No,No,0.0
glievesleyed,qii61,Gelya Lievesley,glievesleyed@edu.com,Portugal,No,Femenino,Soltero,No,No,Si,0.0
lsorleyee,ekh20,Lani Sorley,lsorleyee@edu.com,Portugal,No,Femenino,Divorciado,No,No,No,3.0
emonteathef,jgu71D,Erda Monteath,emonteathef@edu.com,Portugal,No,Femenino,Soltero,No,No,Si,3.0
rskeeneg,tur44_,Rafferty Skeen,rskeeneg@edu.com,Portugal,No,Femenino,Soltero,No,Si,Si,6.0
svileseh,jkc96.k,Stephine Viles,svileseh@edu.com,Portugal,No,Femenino,Soltero,No,No,No,3.0
fdillingerei,kns89,Florance Dillinger,fdillingerei@edu.com,Santo Tomé y Principe,No,Femenino,Soltero,No,No,Si,3.0
rseckerej,ssr12)$eBt,Reinaldo Secker,rseckerej@edu.com,Ucrania,No,Femenino,Soltero,No,Si,Si,0.0
rembureyek,sct79NE,Rose Emburey,rembureyek@edu.com,Ucrania,No,Femenino,Soltero,No,No,Si,0.0
hmccahillel,vdu17II,Halley McCahill,hmccahillel@edu.com,Portugal,No,Masculino,Soltero,No,No,No,0.0
mminorsem,itn14,Mauricio Minors,mminorsem@edu.com,Portugal,No,Masculino,Soltero,No,No,Si,4.0
mshevlanen,izr96}.U,Moishe Shevlan,mshevlanen@edu.com,Portugal,No,Masculino,Soltero,No,No,Si,0.0
tpanketheo,hgm73#'zG,Tonnie Panketh,tpanketheo@edu.com,Portugal,No,Masculino,Soltero,Si,No,No,0.0
tsiggep,jbw90UgVm&,Timmy Sigg,tsiggep@edu.com,Portugal,No,Masculino,Soltero,Si,No,Si,0.0
mclearieeq,jly02.,Mathilde Clearie,mclearieeq@edu.com,Portugal,No,Masculino,Soltero,No,Si,No,0.0
lcleyneer,fqs965/+,Livia Cleyne,lcleyneer@edu.com,Portugal,No,Masculino,Soltero,No,No,Si,0.0
tcrowdyes,avj54+iz,Teodorico Crowdy,tcrowdyes@edu.com,Portugal,No,Masculino,Soltero,No,No,Si,5.0
lkarpeevet,qsn16,Linc Karpeev,lkarpeevet@edu.com,Portugal,No,Masculino,Soltero,Si,No,No,0.0
cswitsureu,wfa65,Cherey Switsur,cswitsureu@edu.com,Portugal,No,Masculino,Soltero,No,No,No,0.0
crussev,fgj05F,Clemens Russ,crussev@edu.com,Portugal,No,Masculino,Soltero,No,No,Si,3.0
msigwardew,qug150B%0,Morna Sigward,msigwardew@edu.com,Portugal,No,Masculino,Soltero,No,No,Si,3.0
gdeex,fam24u{!J,Gabriel De Lisle,gdeex@edu.com,Portugal,No,Masculino,Soltero,No,No,No,0.0
tkikkeey,knb612~D,Trixi Kikke,tkikkeey@edu.com,Portugal,No,Masculino,Soltero,No,No,Si,0.0
sferrucciez,jek26eZjgZ,Salvatore Ferrucci,sferrucciez@edu.com,Portugal,No,Masculino,Soltero,No,No,Si,9.0
kcaudellf0,bwl83U}7qs,Karol Caudell,kcaudellf0@edu.com,Portugal,No,Masculino,Soltero,No,No,No,0.0
fblakelockf1,rmo64`/uF,Feliks Blakelock,fblakelockf1@edu.com,Portugal,No,Masculino,Soltero,No,No,No,3.0
mdobellf2,qhy13num4>,Modestine Dobell,mdobellf2@edu.com,Portugal,No,Masculino,Soltero,No,Si,No,0.0
gdreigherf3,ubv88!$,Garvin Dreigher,gdreigherf3@edu.com,Portugal,No,Masculino,Soltero,No,Si,No,9.0
rpomroyf4,sku29,Rosanna Pomroy,rpomroyf4@edu.com,Portugal,No,Masculino,Soltero,No,Si,Si,3.0
fdonalsonf5,tev84U,Federica Donalson,fdonalsonf5@edu.com,Portugal,No,Masculino,Soltero,No,No,No,0.0
tupsalef6,iov25D`X,Travis Upsale,tupsalef6@edu.com,Portugal,No,Masculino,Soltero,No,No,No,3.0
amcavincheyf7,qnr92+,Annora McAvinchey,amcavincheyf7@edu.com,Portugal,No,Masculino,Soltero,Si,No,No,0.0
gpraterf8,yzg46`#|hu,Gwendolyn Prater,gpraterf8@edu.com,Portugal,No,Masculino,Soltero,No,No,No,6.0
dfreemantlef9,tdc98K_c'{,Dorene Freemantle,dfreemantlef9@edu.com,Portugal,No,Masculino,Soltero,No,No,Si,0.0
kfaughnanfa,rba26,Kayley Faughnan,kfaughnanfa@edu.com,Portugal,No,Masculino,Soltero,No,No,Si,4.0
dsmalingfb,xra82/3ht,Delainey Smaling,dsmalingfb@edu.com,Portugal,No,Masculino,Soltero,Si,No,Si,0.0
pkrusefc,"uda61Ji,Jr",Paulie Kruse,pkrusefc@edu.com,Portugal,No,Masculino,Soltero,Si,No,No,4.0
rpinnegarfd,gtq12~|y,Riley Pinnegar,rpinnegarfd@edu.com,Portugal,No,Masculino,Soltero,No,No,Si,9.0
msparkwillfe,hrz07,Mattias Sparkwill,msparkwillfe@edu.com,Portugal,No,Masculino,Soltero,No,No,No,0.0
cbwyff,soh08,Cale Bwy,cbwyff@edu.com,Portugal,No,Masculino,Soltero,No,No,No,0.0
rriordanfg,ixi65,Robb Riordan,rriordanfg@edu.com,Portugal,No,Masculino,Soltero,No,No,Si,0.0
mheathfieldfh,ctp99c,Minni Heathfield,mheathfieldfh@edu.com,Portugal,No,Masculino,Soltero,No,No,Si,3.0
jcumberbatchfi,xss93,Jay Cumberbatch,jcumberbatchfi@edu.com,Portugal,No,Masculino,Soltero,Si,No,Si,0.0
acollensfj,kpg09,Adora Collens,acollensfj@edu.com,Portugal,No,Masculino,Soltero,No,No,Si,4.0
esimakfk,cpm70,Ethyl Simak,esimakfk@edu.com,Portugal,No,Masculino,Soltero,No,No,No,0.0
sdebowfl,wea81oA,Sargent Debow,sdebowfl@edu.com,Portugal,No,Masculino,Soltero,No,No,Si,0.0
fturrifm,uwz09},Fionnula Turri,fturrifm@edu.com,Portugal,No,Masculino,Soltero,No,No,No,3.0
hladellfn,tnr70P,Helen Ladell,hladellfn@edu.com,Portugal,No,Masculino,Soltero,No,No,Si,3.0
avarrowfo,ica07h4S,Amity Varrow,avarrowfo@edu.com,Portugal,No,Masculino,Soltero,No,No,Si,3.0
slamballfp,zzi09z\OM,Sheridan Lamball,slamballfp@edu.com,Portugal,No,Masculino,Soltero,No,No,No,0.0
sattawellfq,uuu70,Stillman Attawell,sattawellfq@edu.com,Portugal,No,Masculino,Soltero,No,No,No,3.0
ksteljesfr,tgk44Ig%n,Knox Steljes,ksteljesfr@edu.com,Portugal,No,Masculino,Soltero,No,No,Si,0.0
mschottlifs,ika153Bo>,Mollee Schottli,mschottlifs@edu.com,Portugal,No,Masculino,Soltero,No,No,No,0.0
rbosomworthft,iio72'j'T{,Raymond Bosomworth,rbosomworthft@edu.com,Portugal,No,Masculino,Soltero,No,No,No,6.0
cmattekfu,sjh49)pb&9,Caesar Mattek,cmattekfu@edu.com,Portugal,No,Masculino,Soltero,No,No,No,0.0
gchecchetellifv,oic2488,Glenn Checchetelli,gchecchetellifv@edu.com,Portugal,No,Masculino,Soltero,No,No,Si,0.0
clangthornfw,mau294{F,Claudio Langthorn,clangthornfw@edu.com,Portugal,No,Masculino,Soltero,No,No,Si,4.0
csimeolifx,kds00jtdy,Consalve Simeoli,csimeolifx@edu.com,Portugal,No,Masculino,Soltero,No,No,No,0.0
pschimannfy,pcm126*Ec,Peg Schimann,pschimannfy@edu.com,Portugal,No,Masculino,Soltero,No,No,No,3.0
ccussinsfz,vjv54V,Collin Cussins,ccussinsfz@edu.com,Portugal,No,Masculino,Casado,No,No,Si,0.0
lfierrog0,sfy28,Lindi Fierro,lfierrog0@edu.com,Portugal,No,Masculino,Soltero,No,No,No,3.0
ljoseffg1,gao99d>c,Leopold Joseff,ljoseffg1@edu.com,Portugal,No,Femenino,Soltero,No,Si,Si,3.0
pnaccig2,ene99BQm7,Peggy Nacci,pnaccig2@edu.com,Portugal,No,Femenino,Casado,No,No,No,0.0
jmcentagartg3,qyh76E7,Jocelyne McEntagart,jmcentagartg3@edu.com,Portugal,No,Femenino,Soltero,No,No,Si,0.0
abatyg4,dvu36XDT,Aubine Baty,abatyg4@edu.com,Portugal,No,Femenino,Soltero,No,No,Si,0.0
wbarryg5,"hdt24_,C",Wallie Barry,wbarryg5@edu.com,Portugal,No,Femenino,Soltero,No,No,Si,0.0
hgreatbachg6,jkg587r5/,Helen-elizabeth Greatbach,hgreatbachg6@edu.com,Portugal,No,Femenino,Soltero,No,No,Si,4.0
awivellg7,yvg73,Addie Wivell,awivellg7@edu.com,Portugal,No,Femenino,Soltero,No,No,Si,0.0
ccoldtartg8,jtt910Uy,Carter Coldtart,ccoldtartg8@edu.com,Portugal,No,Femenino,Soltero,No,No,No,0.0
hreynerg9,"pth60uHJ""",Ham Reyner,hreynerg9@edu.com,Portugal,No,Femenino,Soltero,No,Si,No,9.0
tstovesga,"tvv75""",Thomasina Stoves,tstovesga@edu.com,Portugal,No,Femenino,Soltero,No,No,No,4.0
hgurwoodgb,"nqa32rgK%""",Hatti Gurwood,hgurwoodgb@edu.com,Portugal,No,Femenino,Soltero,No,Si,Si,6.0
esawneygc,bdu15umg?,Emmett Sawney,esawneygc@edu.com,Portugal,No,Femenino,Soltero,No,No,Si,0.0
awatersgd,wdf317,Augustine Waters,awatersgd@edu.com,Portugal,No,Femenino,Soltero,No,No,No,3.0
hmurrishge,mmm996W=E},Halimeda Murrish,hmurrishge@edu.com,Portugal,No,Femenino,Soltero,No,No,Si,0.0
mcastagnassogf,lso57,Marleen Castagnasso,mcastagnassogf@edu.com,Portugal,No,Femenino,Soltero,No,No,No,0.0
abutfieldgg,xnn947~vo,Alysia Butfield,abutfieldgg@edu.com,Portugal,No,Femenino,Soltero,No,Si,No,0.0
nvakhrushevgh,ves19{,Noe Vakhrushev,nvakhrushevgh@edu.com,Portugal,No,Femenino,Soltero,No,No,Si,0.0
idurbyngi,gyx82_w7g,Inez Durbyn,idurbyngi@edu.com,Portugal,No,Femenino,Soltero,Si,No,No,6.0
ceslergj,iwr93x,Corissa Esler,ceslergj@edu.com,Portugal,No,Femenino,Soltero,No,No,No,4.0
clamlingk,vbh44+rV,Candra Lamlin,clamlingk@edu.com,Portugal,No,Femenino,Soltero,No,Si,No,9.0
tfiddimangl,thc66ub,Tootsie Fiddiman,tfiddimangl@edu.com,Portugal,No,Femenino,Divorciado,Si,No,No,0.0
lpolgm,zke89,Loy Pol,lpolgm@edu.com,Portugal,Si,Femenino,Soltero,No,No,No,0.0
vclossgn,owg95,Vanessa Closs,vclossgn@edu.com,Portugal,No,Femenino,Soltero,No,No,Si,0.0
hlevesquego,hqv30Z},Henderson Levesque,hlevesquego@edu.com,Portugal,No,Femenino,Soltero,No,No,Si,0.0
bmintrimgp,qcq51,Burg Mintrim,bmintrimgp@edu.com,Portugal,No,Femenino,Soltero,Si,No,No,3.0
aeplategq,dxw50&+}.,Ardra Eplate,aeplategq@edu.com,Portugal,No,Femenino,Soltero,No,No,No,3.0
bflowittgr,"uup17""$P\j",Bonita Flowitt,bflowittgr@edu.com,Portugal,No,Femenino,Soltero,No,No,No,0.0
lmcewengs,nri79,Lyndy McEwen,lmcewengs@edu.com,Portugal,No,Femenino,Soltero,No,Si,No,0.0
yrochgt,dup34EQlNN,Yorgos Roch,yrochgt@edu.com,Portugal,No,Femenino,Soltero,No,No,Si,3.0
sclappertongu,zsl78Oo,Sheree Clapperton,sclappertongu@edu.com,Portugal,No,Femenino,Soltero,Si,Si,Si,0.0
mmaltbygv,ivx055,Meggie Maltby,mmaltbygv@edu.com,Portugal,No,Femenino,Soltero,No,Si,Si,3.0
vsandisongw,"akk99,",Vivi Sandison,vsandisongw@edu.com,Portugal,No,Femenino,Soltero,No,No,No,7.0
breapegx,ycc12n,Basilio Reape,breapegx@edu.com,Portugal,No,Femenino,Soltero,No,Si,Si,6.0
bhallstonegy,dnx65ZpG,Beaufort Hallstone,bhallstonegy@edu.com,Portugal,No,Femenino,Soltero,Si,Si,Si,0.0
gpengilleygz,csq63,Godfrey Pengilley,gpengilleygz@edu.com,Portugal,No,Femenino,Casado,No,No,Si,0.0
bgorsh0,vyq53,Bertie Gors,bgorsh0@edu.com,Portugal,No,Femenino,Soltero,No,No,Si,3.0
jhaydockh1,cfk52k.h,Jud Haydock,jhaydockh1@edu.com,Portugal,No,Femenino,Soltero,No,No,No,9.0
lmudgeh2,iog28,Lind Mudge,lmudgeh2@edu.com,Portugal,No,Femenino,Soltero,No,Si,Si,6.0
nnickollsh3,jas13t1g`,Noe Nickolls,nnickollsh3@edu.com,Portugal,No,Femenino,Soltero,No,Si,Si,0.0
fotterh4,vtb09o,Fletch Otter,fotterh4@edu.com,Portugal,No,Femenino,Soltero,No,Si,Si,0.0
jhuttonh5,okg74{GQ8P,Jamil Hutton,jhuttonh5@edu.com,Portugal,No,Femenino,Soltero,No,No,Si,0.0
icarlillh6,yrv27ngn,Ignazio Carlill,icarlillh6@edu.com,Portugal,No,Femenino,Soltero,No,Si,Si,3.0
cminellih7,rhy52&T{,Constantia Minelli,cminellih7@edu.com,Portugal,No,Femenino,Soltero,No,No,Si,8.0
ivasyaginh8,iat08UAra,Inger Vasyagin,ivasyaginh8@edu.com,Portugal,No,Femenino,Soltero,No,No,Si,0.0
dgraemeh9,vvk18YW=c,Donielle Graeme,dgraemeh9@edu.com,Portugal,No,Femenino,Soltero,No,No,Si,0.0
fswantonha,nhy27t,Faustina Swanton,fswantonha@edu.com,Portugal,No,Femenino,Soltero,No,No,Si,0.0
vmclucashb,qfz869S|9,Vaughn McLucas,vmclucashb@edu.com,Portugal,No,Femenino,Soltero,No,Si,Si,3.0
ophoebehc,jmq05Sx,Opal Phoebe,ophoebehc@edu.com,Portugal,No,Femenino,Soltero,No,Si,No,3.0
fmattackshd,zki955AS,Farah Mattacks,fmattackshd@edu.com,Portugal,No,Femenino,Soltero,No,No,Si,2.0
rgoodwinhe,gkd356_inL,Rikki Goodwin,rgoodwinhe@edu.com,Portugal,No,Femenino,Soltero,No,No,Si,9.0
shouldinhf,bxu100o)n,Sal Houldin,shouldinhf@edu.com,Portugal,No,Femenino,Soltero,No,No,Si,6.0
lseidehg,gmw97H%/s%,Llywellyn Seide,lseidehg@edu.com,Portugal,No,Femenino,Soltero,No,No,Si,6.0
ewalkingshawhh,uhy74%,Ermin Walkingshaw,ewalkingshawhh@edu.com,Portugal,Si,Femenino,Soltero,No,No,Si,0.0
nferrarottihi,smd19,Norah Ferrarotti,nferrarottihi@edu.com,Portugal,No,Femenino,Soltero,No,Si,No,0.0
lweatherdonhj,"xnx335\""~",Libbie Weatherdon,lweatherdonhj@edu.com,Portugal,No,Femenino,Soltero,No,No,Si,0.0
glanneyhk,zzr16iR'HB,Glynda Lanney,glanneyhk@edu.com,Portugal,No,Femenino,Soltero,No,Si,No,0.0
bslocumhl,zky48`,Branden Slocum,bslocumhl@edu.com,Portugal,No,Femenino,Soltero,Si,Si,No,0.0
alupartohm,gqp92TO+M,Aidan Luparto,alupartohm@edu.com,Portugal,No,Femenino,Soltero,No,Si,Si,4.0
bchristophehn,"tto19$,cr""",Bogey Christophe,bchristophehn@edu.com,Portugal,No,Femenino,Soltero,No,Si,Si,3.0
seasthamho,dbg69v`pyc,Smitty Eastham,seasthamho@edu.com,Portugal,No,Femenino,Soltero,No,Si,No,0.0
fshillaberhp,mzl939,Fergus Shillaber,fshillaberhp@edu.com,Portugal,No,Femenino,Soltero,No,No,No,4.0
wyakuntzovhq,hkh86~',Winnah Yakuntzov,wyakuntzovhq@edu.com,Portugal,No,Femenino,Soltero,No,No,No,4.0
bhastelowhr,mso11,Bert Hastelow,bhastelowhr@edu.com,Portugal,No,Femenino,Soltero,No,Si,No,7.0
mdrakeleyhs,uhd421K.<,Meg Drakeley,mdrakeleyhs@edu.com,Portugal,No,Femenino,Casado,Si,No,No,9.0
ttipladyht,ksk25Q@,Titus Tiplady,ttipladyht@edu.com,Portugal,No,Femenino,Soltero,No,No,No,3.0
bleatherlandhu,lel27%,Brice Leatherland,bleatherlandhu@edu.com,Portugal,No,Femenino,Soltero,No,No,Si,3.0
bjindrahv,jld27kd32,Bordy Jindra,bjindrahv@edu.com,Portugal,No,Femenino,Soltero,No,No,Si,4.0
spetherhw,gzt86WD,Sarene Pether,spetherhw@edu.com,Portugal,No,Femenino,Soltero,Si,No,Si,0.0
ttignerhx,heo62,Terencio Tigner,ttignerhx@edu.com,Portugal,No,Femenino,Soltero,No,Si,Si,0.0
cbyleshy,"sfk67,",Cesya Byles,cbyleshy@edu.com,Portugal,No,Femenino,Soltero,No,No,No,3.0
cfrantzenhz,mad92>R/,Case Frantzen,cfrantzenhz@edu.com,Portugal,No,Femenino,Casado,No,No,No,3.0
ddeguei0,vmu534&,Daveen Degue,ddeguei0@edu.com,Portugal,No,Femenino,Soltero,No,No,No,3.0
smccrofti1,hrp58,Sheri McCroft,smccrofti1@edu.com,Portugal,No,Femenino,Soltero,No,No,Si,0.0
mtolumelloi2,gij72Bch,Merrili Tolumello,mtolumelloi2@edu.com,Portugal,No,Femenino,Soltero,No,No,Si,0.0
abensusani3,mxy78#Nw*$,Alethea Bensusan,abensusani3@edu.com,Portugal,No,Femenino,Soltero,No,No,Si,4.0
durlingi4,oaz99@,Drucie Urling,durlingi4@edu.com,Portugal,No,Femenino,Soltero,No,No,No,0.0
dmacnairi5,clu10x*G,Dela MacNair,dmacnairi5@edu.com,Portugal,No,Femenino,Soltero,No,Si,Si,0.0
jhobgeni6,kva28zgCFi,Jacquenette Hobgen,jhobgeni6@edu.com,Portugal,No,Femenino,Soltero,No,No,No,0.0
mclicki7,erz60T!,Maje Click,mclicki7@edu.com,Portugal,No,Femenino,Soltero,Si,Si,Si,0.0
abrownsmithi8,ycw88!E,Adeline Brownsmith,abrownsmithi8@edu.com,Portugal,No,Femenino,Soltero,Si,No,No,0.0
sparmani9,gjw44Agy.,Starlene Parman,sparmani9@edu.com,Portugal,No,Femenino,Soltero,No,No,No,0.0
ptunesiia,inl25Pr,Patten Tunesi,ptunesiia@edu.com,Portugal,No,Femenino,Soltero,No,No,No,9.0
vgamlenib,nvl75,Vita Gamlen,vgamlenib@edu.com,Portugal,No,Femenino,Soltero,No,No,No,0.0
ddeic,"ymk48FmX,",Dolly de Tocqueville,ddeic@edu.com,Portugal,No,Femenino,Soltero,No,No,No,3.0
ksouthernid,tpd487H,Kinsley Southern,ksouthernid@edu.com,Portugal,No,Femenino,Soltero,No,No,Si,3.0
asowreyie,uob66s8,Addy Sowrey,asowreyie@edu.com,Portugal,No,Femenino,Soltero,No,No,Si,3.0
sbisetif,wai827V`O,Sari Biset,sbisetif@edu.com,Portugal,No,Femenino,Soltero,No,No,Si,0.0
ashafierig,ola44rJ,Ardenia Shafier,ashafierig@edu.com,Portugal,No,Masculino,Soltero,No,No,Si,4.0
jblewittih,igi31r'nn,Janessa Blewitt,jblewittih@edu.com,Dinamarca,No,Femenino,Soltero,No,Si,Si,3.0
psimekii,zhb52eC,Penelopa Simek,psimekii@edu.com,Portugal,No,Femenino,Soltero,Si,No,Si,6.0
gcudij,cnx81@M&,Glen Cud,gcudij@edu.com,Portugal,No,Femenino,Soltero,No,Si,Si,0.0
rpfaffeik,hnl67}i,Rahel Pfaffe,rpfaffeik@edu.com,Portugal,No,Femenino,Soltero,No,No,Si,3.0
kstrathearnil,gre46fK,Kirstin Strathearn,kstrathearnil@edu.com,Portugal,No,Femenino,Soltero,No,No,Si,3.0
vdumbletonim,brd75B,Vanny Dumbleton,vdumbletonim@edu.com,Portugal,No,Femenino,Soltero,No,Si,Si,6.0
pkilmisterin,dyr33YM6)t,Peg Kilmister,pkilmisterin@edu.com,Portugal,No,Femenino,Soltero,No,No,Si,0.0
aradouxio,ejf568Rl.,Aldo Radoux,aradouxio@edu.com,Portugal,No,Femenino,Soltero,No,Si,Si,0.0
dfootittip,eom74pi7HG,Dela Footitt,dfootittip@edu.com,Portugal,No,Femenino,Soltero,No,No,Si,3.0
vgonzaloiq,stq027,Veradis Gonzalo,vgonzaloiq@edu.com,Portugal,No,Femenino,Soltero,No,No,Si,0.0
achelsomir,nyx87Y9,Alonso Chelsom,achelsomir@edu.com,Portugal,No,Femenino,Soltero,No,No,Si,0.0
jdorracottis,kyd99'd|s,Julian Dorracott,jdorracottis@edu.com,Portugal,No,Femenino,Soltero,No,No,Si,3.0
mormondit,ssb39XItd,Matelda Ormond,mormondit@edu.com,Portugal,No,Femenino,Soltero,No,No,Si,0.0
jbeattieiu,pcl85lL,Jewel Beattie,jbeattieiu@edu.com,Portugal,No,Masculino,Casado,Si,No,No,0.0
kmilbourniv,nwn98A9%6,Kevina Milbourn,kmilbourniv@edu.com,Brasil,No,Femenino,Soltero,No,Si,Si,0.0
jmacpeiceiw,hzx46,Jodee MacPeice,jmacpeiceiw@edu.com,Brasil,No,Femenino,Soltero,No,No,Si,3.0
fjostix,kjg83fLU,Florenza Jost,fjostix@edu.com,Brasil,No,Femenino,Soltero,Si,Si,No,0.0
edilrewiy,mwe33cIy,Elisha Dilrew,edilrewiy@edu.com,Portugal,No,Femenino,Soltero,Si,Si,No,0.0
sransomeiz,"tbv00""7!",Steffane Ransome,sransomeiz@edu.com,Portugal,No,Femenino,Divorciado,No,No,No,0.0
nmingauldj0,off60,Neile Mingauld,nmingauldj0@edu.com,Portugal,No,Masculino,Divorciado,No,No,No,0.0
spomphreyj1,ovo40eL'yQ,Stanford Pomphrey,spomphreyj1@edu.com,Portugal,No,Masculino,Casado,No,No,No,0.0
dolennikovj2,qrr36(}{La,Dillon Olennikov,dolennikovj2@edu.com,Portugal,No,Masculino,Soltero,No,No,Si,3.0
eantoniouj3,eqn20p',Elfie Antoniou,eantoniouj3@edu.com,Portugal,No,Masculino,Soltero,No,No,Si,0.0
episcoj4,nsk62|\,Earle Pisco,episcoj4@edu.com,Portugal,No,Masculino,Viudo,No,No,No,0.0
fgraylingj5,amo010!,Forester Grayling,fgraylingj5@edu.com,Portugal,No,Masculino,Divorciado,Si,No,No,3.0
squartleyj6,ixt38#f,Sibylla Quartley,squartleyj6@edu.com,Portugal,No,Masculino,Divorciado,No,No,No,0.0
dmencej7,owi95E}fhR,Domingo Mence,dmencej7@edu.com,Portugal,No,Masculino,Casado,No,No,No,0.0
tcaressj8,pbl67d,Tara Caress,tcaressj8@edu.com,Portugal,No,Masculino,Soltero,No,No,No,0.0
atramelj9,mbv58gdj}2,Atalanta Tramel,atramelj9@edu.com,Brasil,No,Masculino,Soltero,Si,No,No,2.0
amceneryja,evp68A~s,Angele McEnery,amceneryja@edu.com,Portugal,No,Masculino,Casado,No,No,Si,6.0
rvedekhovjb,wol54~z7pW,Riva Vedekhov,rvedekhovjb@edu.com,Portugal,No,Masculino,Soltero,Si,No,Si,3.0
rscheffeljc,rkn45JejKf,Ruprecht Scheffel,rscheffeljc@edu.com,Portugal,No,Masculino,Casado,No,No,Si,2.0
rpierrojd,gba11z),Roxanne Pierro,rpierrojd@edu.com,Portugal,No,Masculino,Soltero,No,No,No,3.0
jdasje,kbi60P,Joana Das,jdasje@edu.com,Portugal,No,Masculino,Soltero,No,No,Si,3.0
slenchenkojf,yjx20)*,Sinclare Lenchenko,slenchenkojf@edu.com,Portugal,No,Masculino,Soltero,No,No,No,0.0
