id,nombreCurso,grupo,profesor,nombreEstudiante,correoEstudiante,nota,periodo
1,Electiva Profesional I,1,Sisile Raspin,Florella Dignam,fdignam8y@edu.com,0.3,2022-3
2,Formacion Ciudadana III: Paz y Convivencia,4,Jillayne Way,Candra Lamlin,clamlingk@edu.com,3.1,2021-3
3,Ingles 2,1,Tomkin McCart,Gawen Unger,gunger76@edu.com,4.4,2022-3
4,Electiva Profesional I,1,Suzette Paley,Benedicto Freire,bfreire5r@edu.com,3.9,2023-3
5,Calculo 1,2,Tanitansy Dwine,Dela Footitt,dfootittip@edu.com,4.6,2021-1
6,Electiva Profesional 4,4,Rabi Iston,Elwyn Caulcutt,ecaulcuttx@edu.com,1.5,2022-3
7,Legislacion y etica en el manejo de datos,1,Reynold Wolstencroft,Kip Truckell,ktruckell80@edu.com,4.4,2021-3
8,Ingles 5,4,Gare Blanko,Clara Cuerda,ccuerda2q@edu.com,3.5,2021-3
9,Calculo 2,1,Whitman Laurent,Domingo Mence,dmencej7@edu.com,2.0,2024-1
10,Sistemas Operativos,2,Vidovik Landall,Cherey Switsur,cswitsureu@edu.com,1.5,2021-3
11,Analitica de Datos,5,Minor Stockley,Holly-anne Schreurs,hschreursdu@edu.com,3.7,2021-1
12,Formacion Ciudadana I : Identidades y Pluralismo,4,Kathy Hake,Seamus Ferrino,sferrino50@edu.com,4.0,2021-3
13,Sistemas Operativos,1,Esther Harman,Aeriel Iremonger,airemonger6q@edu.com,1.0,2024-1
14,Innovacion y Emprendimiento,4,Lenka Do Rosario,Colet Siemandl,csiemandl7i@edu.com,0.9,2023-1
15,Almacenamiento de Datos,2,Hamlen Bande,Kareem Gehrels,kgehrels7t@edu.com,1.3,2022-1
16,Ingles 3,1,Michelina Perkins,Sula Gothrup,sgothrup7r@edu.com,3.8,2021-3
17,Formacion Ciudadana II: Sociedad y Estado,4,Del Gayton,Whitney Twaits,wtwaitsc4@edu.com,4.9,2022-3
18,Logica y Matematica Discreta,2,Justin Larvin,Tamera Ivshin,tivshin87@edu.com,4.1,2021-1
19,Programacion,2,Cornie Renneke,Onofredo Philpin,ophilpinda@edu.com,3.3,2023-3
20,Sistemas Operativos,5,Cornie Renneke,Valentine Dufer,vdufer6c@edu.com,1.4,2021-3
21,Ingles 1,4,Wilton Astbery,Gwendolyn Prater,gpraterf8@edu.com,3.9,2021-3
22,Ingles 2,2,Bernetta Bentinck,Payton Croysdale,pcroysdale3i@edu.com,1.0,2022-1
23,Ingles 5,4,Stevana Pancoust,Erda Monteath,emonteathef@edu.com,3.9,2022-1
24,Ingles 1,5,Elaina Baumler,Dacey Soares,dsoares1m@edu.com,2.5,2021-3
25,Electiva Profesional 2,3,Lara Entwistle,Stella Cordery,scordery2r@edu.com,1.5,2022-1
26,Comunicacion Oral y Escrita,2,Dannie Follitt,Beniamino Teasdale-Markie,bteasdalemarkie1y@edu.com,2.7,2021-1
27,Seguridad de la informacion,1,Rycca Falla,Merrili Tolumello,mtolumelloi2@edu.com,1.5,2021-1
28,Administracion para Ingenieros,1,Rudd Giff,Bertie Gors,bgorsh0@edu.com,4.1,2022-3
29,Ingenieria y Sostenibilidad,1,Fayette Laville,Lettie Schimoni,lschimonia@edu.com,1.5,2022-1
30,Algebra Lineal,1,Bernadene Habergham,Alistair Hardware,ahardwaree6@edu.com,2.2,2021-3
31,Electiva Profesional I,5,Horacio Suermeier,Myrvyn Dupoy,mdupoyb9@edu.com,2.4,2024-1
32,Redes e Infraestructura,1,Rycca Falla,Glen Cud,gcudij@edu.com,0.2,2024-1
33,Almacenamiento de Datos,5,Dell Catmull,Annabela Syddall,asyddall6o@edu.com,0.9,2021-3
34,Electiva Profesional 4,2,Fulvia Gravells,Vaughn McLucas,vmclucashb@edu.com,3.3,2021-3
35,Ingles 1,3,Hinze Strand,Ree Smallsman,rsmallsman1d@edu.com,4.5,2023-3
36,Logica y Matematica Discreta,2,Osbert Baird,Celestina Rysdale,crysdale9a@edu.com,3.1,2024-1
37,Logica y Matematica Discreta,3,Huntington Fincham,Kayla Choffin,kchoffin56@edu.com,0.5,2021-1
38,Administracion para Ingenieros,1,Ginger Goomes,Gerty Halpine,ghalpinecv@edu.com,1.8,2021-1
39,Ingenieria y Sostenibilidad,5,Brande Doonican,Stella Cordery,scordery2r@edu.com,1.4,2022-3
40,Electiva de Lectura y Escritura,4,Marthena Bearman,Gwendolin Chesnut,gchesnut5q@edu.com,4.7,2023-3
41,Ingles 4,1,Shawn Couronne,Alexandre Hinkins,ahinkinsbz@edu.com,3.7,2023-1
42,Electiva Profesional 2,3,Nickolaus Christoffe,Padraig Iacobassi,piacobassi7s@edu.com,1.4,2023-1
43,Ingles 1,1,Josy Hendrich,Ninnette McCourt,nmccourt6z@edu.com,2.5,2021-1
44,Programacion,3,Sara-ann Grut,Manfred Pionter,mpionterbv@edu.com,0.3,2021-3
45,Legislacion y etica en el manejo de datos,1,Waldemar Tandey,Lay Hammett,lhammett3x@edu.com,1.4,2023-3
46,Algebra Lineal,5,Fulvia Gravells,Franky Flanne,fflanne1n@edu.com,3.1,2023-1
47,Matematicas Fundamentales,3,Dell Catmull,Cherish Thom,cthom68@edu.com,2.6,2021-1
48,Formacion Ciudadana III: Paz y Convivencia,2,Courtnay Easterfield,Sondra Etock,setock5p@edu.com,3.5,2024-1
49,Electiva Profesional 2,1,Rycca Falla,Kassie Gregorin,kgregorin9j@edu.com,4.1,2024-1
50,Administracion para Ingenieros,2,Hinze Strand,Fletch Otter,fotterh4@edu.com,2.2,2023-1
51,Estadistica y Probabilidad I,2,Vyky Pretty,Norma Chilton,nchilton2w@edu.com,2.7,2021-1
52,Legislacion y etica en el manejo de datos,5,Dell Aughton,Jill Haggleton,jhaggleton72@edu.com,4.4,2022-1
53,Electiva Libre I,1,Karisa Upshall,Donielle Graeme,dgraemeh9@edu.com,0.4,2021-1
54,Introduccion a la Ingenieria de Datos e Inteligencia Artificial,3,Hobey Karlowicz,Serena Hatliff,shatliffbj@edu.com,1.2,2024-1
55,Estadistica y Probabilidad II,2,Tabitha Edgcombe,Bartholomeo Snedker,bsnedkera0@edu.com,4.3,2021-1
56,Ingles 3,2,Odessa Scotchbourouge,Osbourn Mayne,omaynee@edu.com,0.1,2023-1
57,Electiva Profesional 4,5,Christy Brodeau,Laurie Booth-Jarvis,lboothjarvis35@edu.com,3.2,2023-1
58,ETL (Extraccion Transformacion y Carga),2,Hynda Van Velde,Matelda Ormond,mormondit@edu.com,0.4,2023-1
59,Formacion Ciudadana II: Sociedad y Estado,1,Sharona Di Nisco,Noe Nickolls,nnickollsh3@edu.com,0.7,2023-1
60,Administracion para Ingenieros,2,Genevieve Reijmers,Rochette Burgoyne,rburgoyne6e@edu.com,2.0,2023-3
61,Inteligencia Artificial,3,Garv Forde,Ham Reyner,hreynerg9@edu.com,3.8,2022-1
62,Innovacion y Emprendimiento,2,Courtnay Easterfield,Coreen Saltman,csaltmancz@edu.com,4.9,2021-1
63,Logica y Matematica Discreta,1,Horacio Suermeier,Al MacKomb,amackomb3w@edu.com,4.3,2021-1
64,Comunicacion Oral y Escrita,3,Simeon Creser,Ram Ewer,rewer47@edu.com,4.3,2023-3
65,Electiva Profesional 2,5,Hamlen Bande,Lindi Fierro,lfierrog0@edu.com,4.8,2024-1
66,Redes e Infraestructura,5,Ariella Mixon,Rosana Steart,rsteartt@edu.com,4.6,2023-1
67,Introduccion a la Ingenieria de Datos e Inteligencia Artificial,2,Lara Entwistle,Genny Ellicombe,gellicombe7g@edu.com,4.3,2024-1
68,Inteligencia Artificial,5,Vyky Pretty,Barry Albasiny,balbasiny8x@edu.com,4.8,2022-1
69,Electiva Profesional 2,2,Rick O' Hern,Esta Dionisio,edionisioak@edu.com,0.2,2022-1
70,Electiva Profesional 5,4,Neron de Wilde,Hermon Davydochkin,hdavydochkin26@edu.com,4.8,2023-3
71,Redes e Infraestructura,3,Nanni Jaan,Rik Gallear,rgallear57@edu.com,0.0,2021-3
72,Formacion Ciudadana II: Sociedad y Estado,4,Cordula Dugget,Barbee Ettery,bettery9x@edu.com,0.6,2023-1
73,Electiva de Lectura y Escritura,2,Bernetta Bentinck,Archibald Klimkiewich,aklimkiewichc7@edu.com,3.1,2023-1
74,Ingles 4,1,Sabra Ethersey,Cletus Domange,cdomange41@edu.com,2.2,2024-1
75,Ingles 4,1,Gib Peachman,Natty Wyke,nwyke6v@edu.com,4.8,2022-3
76,Electiva Profesional 4,2,Alethea Adcocks,Douglas Pischoff,dpischoff9y@edu.com,3.7,2023-1
77,Calculo 2,2,Norrie Yarrington,Alethea Bensusan,abensusani3@edu.com,3.5,2023-1
78,Electiva Profesional 5,4,Marthena Bearman,Melitta Ridgway,mridgwayc1@edu.com,2.2,2022-1
79,Electiva de Ciencias Sociales,4,Lulu Harvie,Patten Tunesi,ptunesiia@edu.com,0.5,2021-1
80,Almacenamiento de Datos,3,Sharona Di Nisco,Burg Mintrim,bmintrimgp@edu.com,2.3,2021-3
81,Ingenieria y Sostenibilidad,2,Hollyanne Macconaghy,Linc Karpeev,lkarpeevet@edu.com,0.0,2021-3
82,ETL (Extraccion Transformacion y Carga),4,Rick O' Hern,Charlena Stothard,cstothard9f@edu.com,3.9,2022-3
83,Electiva Libre I,2,Rebekah Huett,Padgett State,pstatea9@edu.com,4.1,2023-3
84,Electiva de Ciencias Sociales,3,Bernette Binion,Salmon Bantick,sbantick3z@edu.com,4.6,2023-1
85,Administracion para Ingenieros,4,Marisa Ellesmere,Gerhardt Romanski,gromanski7k@edu.com,3.0,2021-3
86,Electiva Profesional 4,1,Vyky Pretty,Tucker Streatley,tstreatley4p@edu.com,2.0,2022-1
87,Ingenieria y Sostenibilidad,3,Rycca Falla,Peggy Nacci,pnaccig2@edu.com,0.9,2021-3
88,Administracion para Ingenieros,5,Dell Catmull,Morgan Riolfi,mriolfi24@edu.com,2.6,2023-3
89,Electiva Profesional I,1,Rycca Falla,Allen Wareham,awareham3d@edu.com,3.7,2024-1
90,Algebra Lineal,1,Claudian Plews,Amye Berard,aberard78@edu.com,2.4,2023-3
91,Calculo 1,4,Anissa Fishbie,Vivi Sandison,vsandisongw@edu.com,3.2,2022-1
92,Matematicas Fundamentales,2,Carlie Goldster,Winnah Yakuntzov,wyakuntzovhq@edu.com,4.1,2021-3
93,Electiva de Ciencias Sociales,4,Conant Sumpner,Terencio Callander,tcallander59@edu.com,4.5,2022-3
94,Almacenamiento de Datos,1,Tresa Derham,Vanny Dumbleton,vdumbletonim@edu.com,4.1,2024-1
95,Matematicas Fundamentales,3,Horacio Suermeier,Zebulon Wilstead,zwilsteadbo@edu.com,3.8,2024-1
96,Electiva Libre I,2,Erena Bruggen,Marwin Wollard,mwollardaq@edu.com,2.6,2023-1
97,Calculo 1,4,Lauralee Grafhom,Letitia Heugh,lheugh4s@edu.com,3.2,2024-1
98,Electiva Profesional I,1,Rabi Iston,Dickie Grishmanov,dgrishmanove7@edu.com,2.1,2024-1
99,Ingenieria y Sostenibilidad,5,Lorrie Winborn,Umeko Mill,umillcm@edu.com,4.3,2023-3
100,Legislacion y etica en el manejo de datos,2,Erena Bruggen,Thaddus Landal,tlandal9r@edu.com,1.2,2024-1
101,Ingles 1,5,Nonna Nutton,Christophorus Klouz,cklouz7b@edu.com,2.4,2023-3
102,ETL (Extraccion Transformacion y Carga),1,Michelina Perkins,Trefor Barnewille,tbarnewille8q@edu.com,0.8,2024-1
103,Calculo 1,4,Wenda Gaskin,Francklin Rase,frase10@edu.com,4.0,2021-1
104,Logica y Matematica Discreta,4,Tabitha Edgcombe,Stevie Sarjeant,ssarjeant1e@edu.com,3.1,2023-3
105,Formacion Ciudadana III: Paz y Convivencia,1,Phaedra Spatoni,Linc Karpeev,lkarpeevet@edu.com,2.0,2022-3
106,Electiva Profesional I,5,Gare Blanko,Dwight Hamley,dhamley2g@edu.com,0.1,2022-3
107,Formacion Ciudadana II: Sociedad y Estado,3,Ariella Mixon,Jozef Swalteridge,jswalteridgec8@edu.com,0.3,2024-1
108,Formacion Ciudadana III: Paz y Convivencia,3,Webb Toler,Beaufort Hallstone,bhallstonegy@edu.com,0.8,2023-1
109,Ingles 3,1,Vidovik Landall,Candace Sissens,csissensd5@edu.com,2.0,2022-3
110,Electiva Profesional 2,3,Hamlen Bande,Casar Marthen,cmarthenb7@edu.com,1.4,2022-1
111,Seguridad de la informacion,1,Obediah Worland,Clemence Cajkler,ccajklerb6@edu.com,2.0,2023-1
112,Programacion,1,Wenda Gaskin,Reine Crumley,rcrumley3j@edu.com,3.9,2024-1
113,Introduccion a la Ingenieria de Datos e Inteligencia Artificial,4,Verine Pemble,Emeline Oakwell,eoakwell9b@edu.com,0.0,2021-1
114,Sistemas Operativos,4,Genevieve Reijmers,Willie Walenta,wwalentaaz@edu.com,0.1,2022-3
115,Introduccion a la Ingenieria de Datos e Inteligencia Artificial,5,Dido Vedeneev,Delainey Smaling,dsmalingfb@edu.com,2.4,2021-1
116,Comunicacion Oral y Escrita,4,Franky Ferrant,Thomasina Stoves,tstovesga@edu.com,3.5,2023-1
117,Redes e Infraestructura,5,Stevana Pancoust,Kylie Minshall,kminshall3a@edu.com,0.3,2022-1
118,Ingles 1,3,Cornie Renneke,Ronalda Povall,rpovall6m@edu.com,2.9,2021-1
119,Sistemas Operativos,5,Alexandre Alvy,Brittney Bussen,bbussendt@edu.com,2.1,2023-1
120,Analitica de Datos,2,Casie Yurmanovev,Melitta Ridgway,mridgwayc1@edu.com,3.3,2021-3
121,Estadistica y Probabilidad II,2,Gav Bocock,Wolfie Ricioppo,wricioppo4h@edu.com,3.6,2022-3
122,Logica y Matematica Discreta,5,Tessy Jachimczak,Janot Taffurelli,jtaffurelli2k@edu.com,3.6,2023-1
123,Almacenamiento de Datos,1,Raimundo Lonsdale,Godfrey Pengilley,gpengilleygz@edu.com,2.0,2024-1
124,Ingles 3,1,Dav Neal,Florance Dillinger,fdillingerei@edu.com,3.7,2021-3
125,Calculo 2,2,Hyacinth Matkovic,Michaelina Olekhov,molekhov3m@edu.com,1.7,2022-1
126,Electiva Profesional 2,3,Raymund Fominov,Spenser Antonioni,santonioni63@edu.com,0.0,2021-3
127,Innovacion y Emprendimiento,3,Brear Trussell,Helaina Cockshot,hcockshotci@edu.com,0.7,2022-1
128,Estadistica y Probabilidad I,1,Adrianne Cescot,Tiertza Bingell,tbingellaa@edu.com,3.9,2022-1
129,Analitica de Datos,1,Bernadene Habergham,Adelaida Brushneen,abrushneenct@edu.com,2.8,2022-3
130,Ingles 3,1,Zachery Charley,Adeline Brownsmith,abrownsmithi8@edu.com,2.8,2021-1
131,Formacion Ciudadana I : Identidades y Pluralismo,2,Lara Entwistle,Whitney Twaits,wtwaitsc4@edu.com,4.1,2022-3
132,Programacion,5,Reeba Speaks,Lindy Kunisch,lkunisch74@edu.com,3.9,2022-3
133,Matematicas Fundamentales,2,Sharona Di Nisco,Jdavie McLachlan,jmclachlanz@edu.com,1.7,2022-1
134,Algebra Lineal,1,Dav Neal,Wilbert Morris,wmorris6j@edu.com,0.6,2023-3
135,Estadistica y Probabilidad I,3,Karisa Upshall,Tara Hosier,thosierb3@edu.com,1.5,2022-3
136,Calculo 2,4,Nanni Jaan,Gweneth Patrick,gpatrick9s@edu.com,3.6,2023-3
137,Ingles 3,1,Odessa Scotchbourouge,Faber Paskin,fpaskin21@edu.com,3.6,2024-1
138,Introduccion a la Ingenieria de Datos e Inteligencia Artificial,1,Amby Smaile,Delainey Smaling,dsmalingfb@edu.com,1.3,2022-3
139,Administracion para Ingenieros,2,Neel Irlam,Karry Keijser,kkeijserbi@edu.com,2.3,2024-1
140,Legislacion y etica en el manejo de datos,2,Smith Cupitt,Janessa Blewitt,jblewittih@edu.com,4.1,2021-1
141,Estadistica y Probabilidad II,2,Germaine Nary,Uri Bittany,ubittanybr@edu.com,3.0,2022-1
142,Calculo 2,1,Christy Brodeau,Sinclair Groveham,sgrovehamy@edu.com,1.6,2024-1
143,Electiva Libre I,5,Lucretia McKane,Jamil Hutton,jhuttonh5@edu.com,1.2,2023-3
144,Calculo 1,1,Duane Hulburt,Jewel Beattie,jbeattieiu@edu.com,0.0,2022-1
145,Electiva de Lectura y Escritura,1,Odessa Scotchbourouge,Zebadiah Drewry,zdrewry6l@edu.com,5.0,2022-3
146,Ingenieria y Sostenibilidad,2,Elaina Baumler,Sutherlan Coggins,scoggins3b@edu.com,0.2,2021-3
147,Electiva de Ciencias Sociales,3,Reeba Speaks,Knox Steljes,ksteljesfr@edu.com,1.1,2023-3
148,Formacion Ciudadana III: Paz y Convivencia,5,Violante Hartin,Rurik Suter,rsuter4d@edu.com,4.8,2022-3
149,Redes e Infraestructura,2,Josy Hendrich,Riley Pinnegar,rpinnegarfd@edu.com,4.2,2024-1
150,Seminario de Ing. de Datos e I.A.,3,Albina Tiffin,Karina Loiterton,kloitertonq@edu.com,1.1,2022-3
151,Ingles 5,4,Anissa Fishbie,Elyssa Rolston,erolston2e@edu.com,1.4,2023-1
152,Calculo 2,1,Sisile Raspin,Kordula Cattermull,kcattermull7@edu.com,3.7,2024-1
153,Ingenieria y Sostenibilidad,2,Illa McGunley,Ardra Eplate,aeplategq@edu.com,4.3,2022-1
154,ETL (Extraccion Transformacion y Carga),5,Hyacinth Matkovic,Tove Rollin,trollin65@edu.com,4.1,2022-3
155,Estadistica y Probabilidad I,1,Sherie Edmons,Gardiner Haddy,ghaddydh@edu.com,4.2,2022-1
156,Seminario de Ing. de Datos e I.A.,3,Falkner Brettell,Kordula Cattermull,kcattermull7@edu.com,0.5,2022-1
157,Ingles 1,4,Josy Hendrich,Sheree Clapperton,sclappertongu@edu.com,1.0,2021-3
158,Programacion,4,Berke Patzelt,Georas Setterington,gsetteringtonag@edu.com,1.1,2022-1
159,Innovacion y Emprendimiento,4,Hyacinth Matkovic,Kalila Zamorrano,kzamorrano6b@edu.com,2.3,2023-1
160,Seminario de Ing. de Datos e I.A.,4,Levon Gouth,Corbie Aburrow,caburrow6y@edu.com,2.2,2023-1
161,Electiva Profesional I,3,Tabbitha Brealey,Bradan Trencher,btrencher15@edu.com,0.6,2023-3
162,ETL (Extraccion Transformacion y Carga),1,Hynda Van Velde,Osmond Pedden,opedden2y@edu.com,1.2,2024-1
163,Ingles 4,5,Erena Bruggen,Verile Masey,vmasey6s@edu.com,1.7,2023-3
164,Redes e Infraestructura,1,Ariella Mixon,Abie Antonikov,aantonikovam@edu.com,0.7,2022-3
165,Administracion para Ingenieros,5,Albina Tiffin,Eal Furse,efurse3r@edu.com,0.4,2021-3
166,Algebra Lineal,2,Durante Gartside,Ardis Algore,aalgore6g@edu.com,2.2,2021-1
167,Ingles 2,5,Chelsea Robard,Rosanna Pomroy,rpomroyf4@edu.com,3.0,2022-1
168,Algebra Lineal,2,Nolie Antonsson,Alessandro Louca,alouca8s@edu.com,1.2,2024-1
169,Formacion Ciudadana I : Identidades y Pluralismo,4,Piper Sieghard,Rochette Burgoyne,rburgoyne6e@edu.com,1.5,2022-3
170,Sistemas Operativos,1,Bridgette O' Hanvey,Ferd Backwell,fbackwelld0@edu.com,3.6,2021-1
171,Formacion Ciudadana III: Paz y Convivencia,2,Carita Grandin,Salim Rosbotham,srosbothamu@edu.com,0.1,2021-3
172,Analitica de Datos,5,Rivy Bellocht,Mechelle Dytham,mdytham5y@edu.com,3.0,2021-1
173,Administracion para Ingenieros,4,Kellyann Witherow,Myriam Baulch,mbaulch5g@edu.com,2.5,2023-3
174,Ingenieria y Sostenibilidad,4,Hinze Strand,Binny Tatlow,btatlow8r@edu.com,2.0,2021-3
175,Seguridad de la informacion,4,Gare Blanko,Tadeas Cookman,tcookman98@edu.com,0.6,2021-1
176,Ingles 3,5,Kissee Giovani,Lyndy McEwen,lmcewengs@edu.com,2.9,2024-1
177,Inteligencia Artificial,1,Lulu Harvie,Fulvia Legion,flegion95@edu.com,1.9,2022-3
178,Ingles 2,5,Dido Vedeneev,Carr Christin,cchristin6n@edu.com,4.8,2024-1
179,Redes e Infraestructura,5,Trenton Glyne,Gwenore Rowland,growlandf@edu.com,1.1,2021-1
180,Inteligencia Artificial,4,Abdul Portress,Xena Pettit,xpettit3s@edu.com,4.4,2021-3
181,Matematicas Fundamentales,4,Levon Gouth,Tyson Magauran,tmagauran5k@edu.com,1.7,2023-1
182,Redes e Infraestructura,1,Nonna Nutton,Celka McGebenay,cmcgebenaydi@edu.com,3.5,2023-3
183,Matematicas Fundamentales,4,Jaquelyn Vayro,Mel Agglione,magglione9g@edu.com,2.9,2021-1
184,Formacion Ciudadana I : Identidades y Pluralismo,3,Tabitha Edgcombe,Thaddus Landal,tlandal9r@edu.com,1.1,2023-3
185,Ingles 5,4,Isabelle Leas,Michale Haimes,mhaimesdn@edu.com,1.8,2023-1
186,Ingles 1,1,Farlie Palatino,Price MacQueen,pmacqueen64@edu.com,3.9,2021-3
187,Introduccion a la Ingenieria de Datos e Inteligencia Artificial,1,Hollyanne Macconaghy,Sargent Debow,sdebowfl@edu.com,0.7,2021-1
188,Matematicas Fundamentales,5,Luciana Files,Bertie Gors,bgorsh0@edu.com,0.8,2021-1
189,Ingles 1,5,Vyky Pretty,Blondelle Vedenisov,bvedenisov8k@edu.com,4.1,2023-1
190,Electiva Profesional 5,2,Rivy Bellocht,Emmett Sawney,esawneygc@edu.com,1.8,2021-1
191,Seguridad de la informacion,1,Rick O' Hern,Tessi Clancey,tclancey6h@edu.com,1.9,2022-1
192,Ingles 5,4,Vidovik Landall,Siegfried Moody,smoody9e@edu.com,2.8,2023-3
193,Redes e Infraestructura,3,Dell Aughton,Constantia Minelli,cminellih7@edu.com,2.2,2022-1
194,Calculo 2,4,Babara Allsupp,Alethea Bensusan,abensusani3@edu.com,2.4,2022-3
195,Ingles 5,5,Waring Blenkensop,Danya Tewkesbury.,dtewkesburyao@edu.com,2.0,2022-1
196,Seguridad de la informacion,5,Berke Patzelt,Alden Gellion,agellioncy@edu.com,2.9,2022-1
197,Seminario de Ing. de Datos e I.A.,5,Gare Blanko,Kevina Milbourn,kmilbourniv@edu.com,1.3,2021-3
198,Electiva de Ciencias Sociales,4,Rebekah Huett,Neile Mingauld,nmingauldj0@edu.com,0.7,2023-3
199,Administracion para Ingenieros,5,Griz Ovens,Meg Drakeley,mdrakeleyhs@edu.com,1.0,2023-3
200,Formacion Ciudadana II: Sociedad y Estado,2,Dido Vedeneev,Drucie Urling,durlingi4@edu.com,1.7,2023-1
201,Inteligencia Artificial,3,Kathy Hake,Maxine Petronis,mpetronis54@edu.com,4.0,2024-1
202,Estadistica y Probabilidad I,4,Dell Aughton,Lolita Winfred,lwinfred4b@edu.com,4.9,2023-1
203,Electiva Profesional 2,3,Marthena Bearman,Tedd Toppin,ttoppin2b@edu.com,1.6,2022-1
204,Programacion,5,Sisile Raspin,Guido Eastlake,geastlake62@edu.com,2.5,2024-1
205,Calculo 2,2,Tomkin McCart,Lani McGrah,lmcgrahb8@edu.com,3.2,2021-1
206,Estadistica y Probabilidad I,5,Luciana Files,Kipper Ion,kionw@edu.com,2.9,2022-1
207,Electiva Profesional 5,5,Luciana Files,Cazzie Heindle,cheindleh@edu.com,5.0,2022-3
208,Almacenamiento de Datos,1,Sharona Di Nisco,Esdras Cominetti,ecominettibq@edu.com,3.0,2022-1
209,Calculo 1,2,Nonna Nutton,Cesya Byles,cbyleshy@edu.com,3.5,2021-3
210,Estadistica y Probabilidad II,4,Hynda Van Velde,Valentine Dufer,vdufer6c@edu.com,1.1,2022-3
211,Calculo 2,3,Cordula Dugget,Hatti Gurwood,hgurwoodgb@edu.com,2.9,2022-1
212,Ingles 5,5,Kimbra Duchateau,Tara Caress,tcaressj8@edu.com,0.8,2022-3
213,Ingles 5,4,Elsie Avrahamov,Rafferty Skeen,rskeeneg@edu.com,4.6,2023-3
214,Analitica de Datos,1,Elaina Baumler,Bealle Onslow,bonslow5u@edu.com,1.3,2024-1
215,Formacion Ciudadana III: Paz y Convivencia,2,Pen Withrop,Dominga Brookesbie,dbrookesbie1l@edu.com,2.2,2021-3
216,Comunicacion Oral y Escrita,3,Melba O'Leary,Noe Sibley,nsibley82@edu.com,4.5,2023-3
217,Calculo 1,5,Barri Skipsea,Em Ould,eould97@edu.com,1.3,2021-1
218,Calculo 2,1,Sherie Edmons,Francisco Mahaddy,fmahaddyd@edu.com,1.9,2023-3
219,Almacenamiento de Datos,4,Marisa Ellesmere,Clemence Cajkler,ccajklerb6@edu.com,3.4,2023-1
220,Electiva Profesional 4,2,Trenton Glyne,Christian Yewman,cyewmanan@edu.com,3.2,2022-3
221,Innovacion y Emprendimiento,4,Raymund Fominov,Dode Jodrellec,djodrellecah@edu.com,1.2,2021-3
222,Electiva Libre I,1,Juan Asipenko,Rikki Goodwin,rgoodwinhe@edu.com,1.4,2022-1
223,Electiva Profesional 5,1,Erena Bruggen,Bone Sacaze,bsacaze7z@edu.com,4.8,2021-3
224,Ingles 2,5,Gib Peachman,Jermaine Fold,jfold4y@edu.com,2.3,2021-3
225,Calculo 2,5,Casie Yurmanovev,Gwenni Clevely,gclevely2c@edu.com,3.5,2021-1
226,Legislacion y etica en el manejo de datos,2,Luciana Files,Bastien Nutbeem,bnutbeemde@edu.com,1.4,2022-1
227,Algebra Lineal,5,Simeon Creser,Quinn Blacksell,qblacksellj@edu.com,4.2,2022-3
228,Calculo 1,5,Juliane Bafford,Jorey Danielli,jdaniellie5@edu.com,4.6,2022-1
229,Electiva de Ciencias Sociales,4,Simeon Creser,Opal Phoebe,ophoebehc@edu.com,4.5,2021-3
230,Logica y Matematica Discreta,2,Lucretia McKane,Heinrik Hemphrey,hhemphrey4l@edu.com,3.9,2024-1
231,Almacenamiento de Datos,4,Clem Branni,Zulema Mesant,zmesantdl@edu.com,2.4,2021-1
232,Introduccion a la Ingenieria de Datos e Inteligencia Artificial,1,Dannie Follitt,Titus Tiplady,ttipladyht@edu.com,1.4,2024-1
233,Calculo 1,5,Sabra Ethersey,Elle Gally,egallybp@edu.com,0.8,2024-1
234,Electiva de Ciencias Sociales,3,Claudian Plews,Park Lerner,plernerbe@edu.com,1.8,2022-3
235,Inteligencia Artificial,4,Nickie Gianasi,Alvy Floyde,afloyde5h@edu.com,3.5,2023-1
236,Sistemas Operativos,4,Paxon Helleckas,Marthe Castellone,mcastellone8n@edu.com,1.4,2021-3
237,Redes e Infraestructura,1,Webb Toler,Holly-anne Schreurs,hschreursdu@edu.com,0.2,2023-3
238,Almacenamiento de Datos,3,Nathan Friedank,Bail Tripney,btripneybf@edu.com,0.4,2022-3
239,Calculo 1,4,Kathy Hake,Hermon Davydochkin,hdavydochkin26@edu.com,3.0,2024-1
240,Sistemas Operativos,2,Sara-ann Grut,Candra Lamlin,clamlingk@edu.com,0.1,2024-1
241,Calculo 2,2,Odessa Scotchbourouge,Brittney Bussen,bbussendt@edu.com,3.4,2021-3
242,Estadistica y Probabilidad I,5,Tabby Odby,Trixi Kikke,tkikkeey@edu.com,1.4,2023-3
243,Algebra Lineal,3,Langsdon Oakman,Andie Caseley,acaseley4n@edu.com,5.0,2024-1
244,Ingenieria y Sostenibilidad,5,Martin Coldman,Hobie Ghelerdini,hghelerdini4q@edu.com,1.7,2022-1
245,Electiva Libre I,5,Lenka Do Rosario,Peg Kilmister,pkilmisterin@edu.com,1.8,2023-1
246,Electiva Libre I,1,Tanitansy Dwine,Devy Zottoli,dzottoli43@edu.com,1.9,2021-1
247,Introduccion a la Ingenieria de Datos e Inteligencia Artificial,2,Dorian Bjorkan,Kayley Faughnan,kfaughnanfa@edu.com,4.1,2023-3
248,Almacenamiento de Datos,3,Jillayne Way,Eal Furse,efurse3r@edu.com,3.6,2023-1
249,Inteligencia Artificial,2,Bernadene Habergham,Shaina Ritchings,sritchings5b@edu.com,1.6,2021-3
250,Electiva Profesional 3,5,Raymund Fominov,Clea Duetsche,cduetscheaj@edu.com,2.6,2022-3
251,Logica y Matematica Discreta,2,Giffard Drought,Verile Masey,vmasey6s@edu.com,4.4,2022-1
252,Electiva Profesional 5,1,Alethea Adcocks,Lind Mudge,lmudgeh2@edu.com,3.1,2024-1
253,Formacion Ciudadana III: Paz y Convivencia,2,Lorrie Winborn,Tisha Ballchin,tballchin9i@edu.com,1.6,2023-1
254,Matematicas Fundamentales,4,Gawen Ostick,Minni Heathfield,mheathfieldfh@edu.com,0.6,2021-3
255,ETL (Extraccion Transformacion y Carga),5,Dorian Bjorkan,Earle Pisco,episcoj4@edu.com,0.7,2023-3
256,Formacion Ciudadana III: Paz y Convivencia,4,Kennie Cummins,Rahel Pfaffe,rpfaffeik@edu.com,3.9,2021-3
257,Ingles 5,2,Glendon Barnett,Giacinta Macilhench,gmacilhench16@edu.com,0.4,2024-1
258,Seminario de Ing. de Datos e I.A.,1,Paxon Helleckas,Demeter Piccard,dpiccard20@edu.com,1.3,2023-1
259,Ingles 3,2,Korry Meckiff,Klemens Joontjes,kjoontjes7c@edu.com,3.1,2023-3
260,Introduccion a la Ingenieria de Datos e Inteligencia Artificial,2,Teodoro Giorgeschi,Kristen Dimic,kdimic5j@edu.com,4.9,2021-3
261,Comunicacion Oral y Escrita,2,Brear Trussell,Gina Hincks,ghincks7f@edu.com,2.3,2021-1
262,Legislacion y etica en el manejo de datos,4,Rosalinde Warbey,Glenn Checchetelli,gchecchetellifv@edu.com,2.5,2022-1
263,Almacenamiento de Datos,1,Elsie Avrahamov,Uri Bittany,ubittanybr@edu.com,2.6,2022-3
264,Formacion Ciudadana I : Identidades y Pluralismo,3,Justin Larvin,Kelvin Spearman,kspearmanai@edu.com,0.6,2024-1
265,Estadistica y Probabilidad I,3,Clari Szymoni,Vail Golden of Ireland,vgoldend1@edu.com,0.1,2023-3
266,Formacion Ciudadana III: Paz y Convivencia,4,Hamlen Bande,Devy Zottoli,dzottoli43@edu.com,2.3,2022-3
267,Innovacion y Emprendimiento,3,Wilton Astbery,Annora McAvinchey,amcavincheyf7@edu.com,0.8,2024-1
268,Electiva Profesional I,1,Jerrome Chafer,Amos Coveney,acoveney84@edu.com,1.9,2022-3
269,Administracion para Ingenieros,1,Rani Aslen,Emiline Glanister,eglanister8j@edu.com,0.8,2024-1
270,Electiva Profesional 5,1,Bridgette O' Hanvey,Travis Upsale,tupsalef6@edu.com,3.9,2021-3
271,Comunicacion Oral y Escrita,3,Carita Grandin,Anastassia Chalfain,achalfain53@edu.com,4.7,2023-1
272,Comunicacion Oral y Escrita,5,Nathan Friedank,Evita McIlory,emcilory3g@edu.com,3.5,2021-1
273,Innovacion y Emprendimiento,1,Isabelle Leas,Goddard Klesse,gklesseap@edu.com,4.6,2023-3
274,Electiva de Lectura y Escritura,2,Karel Tackell,Royal Habbes,rhabbes1k@edu.com,3.3,2022-1
275,Sistemas Operativos,3,Babara Allsupp,Gaven Orbine,gorbine3n@edu.com,1.6,2021-3
276,Electiva Libre I,3,Giffard Drought,Heywood Roskell,hroskell5z@edu.com,0.0,2023-3
277,Electiva Profesional 2,3,Tomkin McCart,Raimondo Troyes,rtroyesbd@edu.com,2.6,2023-1
278,Formacion Ciudadana I : Identidades y Pluralismo,3,Justin Larvin,Casar Marthen,cmarthenb7@edu.com,2.5,2021-3
279,Ingenieria y Sostenibilidad,5,Piper Sieghard,Philbert Lohan,plohandz@edu.com,0.2,2023-1
280,Administracion para Ingenieros,3,Gib Peachman,Elle Gally,egallybp@edu.com,1.3,2022-3
281,Seminario de Ing. de Datos e I.A.,2,Kissiah MacMorland,Inger Vasyagin,ivasyaginh8@edu.com,2.1,2024-1
282,Administracion para Ingenieros,3,Smith Cupitt,Barrett Grima,bgrima40@edu.com,3.3,2023-3
283,Electiva Profesional I,4,Sabra Ethersey,Dorene Freemantle,dfreemantlef9@edu.com,0.4,2021-3
284,Inteligencia Artificial,4,Garv Forde,Major Rosenauer,mrosenauer8f@edu.com,3.4,2024-1
285,Sistemas Operativos,5,Kissiah MacMorland,Loy Pol,lpolgm@edu.com,2.0,2023-1
286,Analitica de Datos,1,Elisabet Filippo,Starlene Parman,sparmani9@edu.com,2.2,2023-1
287,Programacion,3,Nickolaus Christoffe,Rikki Goodwin,rgoodwinhe@edu.com,2.2,2021-3
288,Algebra Lineal,1,Florina Sandlin,Adora Collens,acollensfj@edu.com,1.4,2024-1
289,Introduccion a la Ingenieria de Datos e Inteligencia Artificial,1,Rabi Iston,Barrett Grima,bgrima40@edu.com,1.3,2023-3
290,Almacenamiento de Datos,1,Teodoro Giorgeschi,Avril Crellin,acrellin92@edu.com,0.3,2021-3
291,Electiva Profesional 5,3,Osbert Baird,Mariam Halgarth,mhalgarth30@edu.com,1.4,2022-1
292,Programacion,2,Juliane Bafford,Raimondo Troyes,rtroyesbd@edu.com,0.1,2021-1
293,Electiva Profesional 4,5,Casie Yurmanovev,Mollee Schottli,mschottlifs@edu.com,2.6,2021-1
294,Matematicas Fundamentales,5,Korry Meckiff,Meggy MacTimpany,mmactimpany58@edu.com,3.0,2021-1
295,Formacion Ciudadana III: Paz y Convivencia,5,Yolane Ulrik,Haydon Tabour,htabour9l@edu.com,4.7,2024-1
296,Inteligencia Artificial,3,Falkner Brettell,Freddy Tomek,ftomekdr@edu.com,1.1,2023-1
297,Electiva Libre I,4,Huntington Fincham,Dela MacNair,dmacnairi5@edu.com,1.3,2022-1
298,Administracion para Ingenieros,1,Juan Asipenko,Lea Sember,lsemberbx@edu.com,2.8,2024-1
299,Electiva de Ciencias Sociales,2,Caldwell Brydon,Celestina Rysdale,crysdale9a@edu.com,2.0,2023-1
300,Analitica de Datos,4,Courtnay Easterfield,Alysia Butfield,abutfieldgg@edu.com,2.6,2023-3
301,Legislacion y etica en el manejo de datos,2,Levon Gouth,Rudyard Symes,rsymes3q@edu.com,0.8,2022-1
302,Ingles 3,5,Bernetta Bentinck,Miguel Bloodworth,mbloodworthl@edu.com,0.9,2022-3
303,Estadistica y Probabilidad I,5,Illa McGunley,Bonita Flowitt,bflowittgr@edu.com,1.2,2024-1
304,Electiva Profesional 4,3,Rudd Giff,Kayla Choffin,kchoffin56@edu.com,1.0,2021-3
305,Electiva Libre I,1,Dannie Follitt,Clemens Russ,crussev@edu.com,3.2,2021-1
306,Ingles 5,5,Whitman Laurent,Whitney Twaits,wtwaitsc4@edu.com,2.4,2023-1
307,Electiva Libre I,2,Zenia Youle,Latia Broom,lbroome1@edu.com,3.3,2021-1
308,Calculo 1,1,Rina Gasnoll,Kelsi Parratt,kparratt45@edu.com,3.9,2023-3
309,Estadistica y Probabilidad II,4,Raimundo Lonsdale,Veradis Pine,vpine73@edu.com,1.6,2022-1
310,Innovacion y Emprendimiento,3,Roy Shawyer,Hatti Gurwood,hgurwoodgb@edu.com,4.6,2022-1
311,Legislacion y etica en el manejo de datos,1,Berke Patzelt,Addy Sowrey,asowreyie@edu.com,4.5,2022-3
312,Electiva de Ciencias Sociales,3,Craggy Ensor,Niven Bolderoe,nbolderoe32@edu.com,0.8,2021-3
313,Formacion Ciudadana III: Paz y Convivencia,1,Nathan Friedank,Tedd Toppin,ttoppin2b@edu.com,0.4,2023-3
314,Seminario de Ing. de Datos e I.A.,3,Nickie Gianasi,Archaimbaud Bohea,abohea94@edu.com,1.0,2023-1
315,Ingles 5,4,Osbert Baird,Dwight Harling,dharlinga3@edu.com,2.9,2023-1
316,Ingles 1,1,Waring Blenkensop,Federica Donalson,fdonalsonf5@edu.com,0.5,2022-1
317,Ingles 4,1,Ariella Mixon,Elfie Parzizek,eparzizekb2@edu.com,1.6,2021-1
318,Calculo 1,1,Wenda Gaskin,Stevie Sarjeant,ssarjeant1e@edu.com,4.7,2023-1
319,Estadistica y Probabilidad II,1,Juan Asipenko,Hershel Yezafovich,hyezafovich2h@edu.com,3.2,2022-1
320,Estadistica y Probabilidad I,3,Smith Cupitt,Jule Moodey,jmoodeyay@edu.com,2.6,2022-3
321,ETL (Extraccion Transformacion y Carga),2,Verine Pemble,Kathi Pyson,kpysoncw@edu.com,1.6,2021-3
322,Legislacion y etica en el manejo de datos,2,Carmela Doblin,Robinson Kleiser,rkleiser2z@edu.com,0.1,2023-1
323,Redes e Infraestructura,1,Teodoro Giorgeschi,Courtney Carlile,ccarlilecj@edu.com,0.1,2023-3
324,Redes e Infraestructura,2,Nolie Antonsson,Jock Buesnel,jbuesnele0@edu.com,3.0,2022-3
325,Ingles 1,5,Melba O'Leary,Teodorico Crowdy,tcrowdyes@edu.com,3.1,2023-1
326,Estadistica y Probabilidad II,3,Anissa Fishbie,Joye Wragg,jwragg83@edu.com,0.2,2022-1
327,Administracion para Ingenieros,5,Franky Ferrant,Bella Ailmer,bailmer4c@edu.com,3.6,2021-3
328,Redes e Infraestructura,2,Barri Skipsea,Raymond Bosomworth,rbosomworthft@edu.com,3.8,2023-1
329,Logica y Matematica Discreta,3,Melba O'Leary,Norah Ferrarotti,nferrarottihi@edu.com,1.3,2022-1
330,Administracion para Ingenieros,1,Germaine Nary,Liesa Duiged,lduiged8o@edu.com,4.9,2021-1
331,Comunicacion Oral y Escrita,1,Verile Summerell,Park Lerner,plernerbe@edu.com,1.5,2021-1
332,Electiva Profesional 2,3,Griz Ovens,Smitty Eastham,seasthamho@edu.com,1.8,2024-1
333,Analitica de Datos,1,Adi Stithe,Aurthur Gallaway,agallaway4x@edu.com,0.5,2021-3
334,Seminario de Ing. de Datos e I.A.,2,Tresa Derham,Susi Cunningham,scunningham67@edu.com,1.1,2021-1
335,Calculo 2,1,Justin Larvin,Sherilyn Bladon,sbladon4v@edu.com,1.7,2021-1
336,Ingles 4,5,Shawn Couronne,Jasmin Rowsel,jrowseld8@edu.com,2.3,2021-1
337,Electiva Profesional I,4,Glenn Pawlicki,Carissa Pero,cpero69@edu.com,1.1,2021-3
338,Algebra Lineal,1,Richard Dressel,Uri Bittany,ubittanybr@edu.com,4.1,2021-1
339,Almacenamiento de Datos,1,Rivkah Pittham,Artair Flory,aflorya5@edu.com,3.5,2023-3
340,Comunicacion Oral y Escrita,5,Karel Tackell,Garfield Bastie,gbastie90@edu.com,1.5,2023-1
341,Sistemas Operativos,3,Johan Learmond,Durante Shoutt,dshoutt3o@edu.com,0.9,2022-1
342,Electiva de Ciencias Sociales,1,Alethea Adcocks,Wolfie Ricioppo,wricioppo4h@edu.com,3.4,2023-1
343,Electiva de Ciencias Sociales,1,Dell Aughton,Wilbert Potteridge,wpotteridge3e@edu.com,3.4,2024-1
344,Formacion Ciudadana I : Identidades y Pluralismo,3,Karisa Upshall,Thorsten Rocca,troccabu@edu.com,0.3,2021-1
345,Formacion Ciudadana II: Sociedad y Estado,3,Obediah Worland,Caroline Degli Antoni,cdegli1r@edu.com,3.8,2021-3
346,Electiva Profesional 2,2,Amby Smaile,Helen Ladell,hladellfn@edu.com,3.4,2022-3
347,Formacion Ciudadana III: Paz y Convivencia,1,Edith Foro,Odelia Hatherell,ohatherellac@edu.com,2.7,2021-3
348,Seminario de Ing. de Datos e I.A.,3,Wandis Woodruffe,Page Karpenya,pkarpenya9o@edu.com,4.4,2024-1
349,Ingles 5,5,Nanni Jaan,Harland Seldon,hseldon81@edu.com,2.2,2021-3
350,Electiva Profesional 4,3,Payton Greig,Carleen Boden,cbodenbm@edu.com,0.7,2024-1
351,Seguridad de la informacion,3,Neron de Wilde,Bone Sacaze,bsacaze7z@edu.com,2.4,2023-1
352,Comunicacion Oral y Escrita,4,Melinda Stancliffe,Gisele Ginnane,gginnanecc@edu.com,4.4,2023-1
353,Formacion Ciudadana I : Identidades y Pluralismo,1,Bernetta Bentinck,Joline Bram,jbram6f@edu.com,0.6,2023-1
354,Algebra Lineal,1,Sabra Ethersey,Julieta O'Mannion,jomannion4e@edu.com,2.7,2021-3
355,Seguridad de la informacion,5,Lucretia McKane,Carr Christin,cchristin6n@edu.com,0.4,2024-1
356,Administracion para Ingenieros,4,Illa McGunley,Marjie Chapelhow,mchapelhowcs@edu.com,1.8,2023-1
357,Matematicas Fundamentales,1,Justin Larvin,Jay Cumberbatch,jcumberbatchfi@edu.com,2.2,2022-3
358,Electiva Profesional 3,1,Roseann Fallowfield,Nels Ludgrove,nludgrove1a@edu.com,4.5,2022-3
359,Calculo 1,1,Sharona Di Nisco,Tye Kneebone,tkneeboneba@edu.com,2.0,2022-1
360,Ingles 4,3,Nolie Antonsson,Nanni Sherwill,nsherwill5d@edu.com,3.3,2021-3
361,Algebra Lineal,5,Sisile Raspin,Carol Conrart,cconrart5c@edu.com,2.2,2022-3
362,Seguridad de la informacion,1,Wilton Astbery,Tye Kneebone,tkneeboneba@edu.com,1.1,2023-1
363,Almacenamiento de Datos,3,Rosalinde Warbey,Knox Steljes,ksteljesfr@edu.com,2.7,2021-1
364,Electiva Profesional 2,2,Whitman Laurent,Brent Dymond,bdymondab@edu.com,4.2,2021-1
365,Electiva Profesional 4,2,Hinze Strand,Donal Sommerling,dsommerling8d@edu.com,3.7,2023-1
366,Electiva Profesional 4,3,Sabra Ethersey,Thomasina Stoves,tstovesga@edu.com,2.4,2023-1
367,Electiva de Ciencias Sociales,5,Germaine Nary,Odelia Hatherell,ohatherellac@edu.com,0.9,2021-3
368,Electiva Profesional 4,5,Karel Tackell,Jodie Lemarie,jlemarie86@edu.com,3.1,2022-3
369,Ingles 5,5,Barbra Cary,Vickie Fealty,vfealty7a@edu.com,0.7,2023-1
370,Formacion Ciudadana III: Paz y Convivencia,3,Josy Hendrich,Briana Bremmer,bbremmer33@edu.com,2.8,2023-3
371,Comunicacion Oral y Escrita,5,Charlotta Tatnell,Ardenia Shafier,ashafierig@edu.com,3.2,2023-3
372,Electiva Profesional 4,3,Hynda Van Velde,Shaina Ritchings,sritchings5b@edu.com,4.8,2023-1
373,Matematicas Fundamentales,4,Rani Aslen,Vivi Sandison,vsandisongw@edu.com,3.0,2022-1
374,ETL (Extraccion Transformacion y Carga),4,Suzette Paley,Mia Croux,mcroux7o@edu.com,0.9,2023-1
375,Formacion Ciudadana III: Paz y Convivencia,5,Wenda Gaskin,Karry Keijser,kkeijserbi@edu.com,3.5,2024-1
376,ETL (Extraccion Transformacion y Carga),1,Rivy Bellocht,Gelya Lievesley,glievesleyed@edu.com,3.7,2023-1
377,Ingles 5,3,Alexandre Alvy,Glen Cud,gcudij@edu.com,2.2,2022-1
378,Electiva Profesional 2,4,Karel Tackell,Deina Eallis,deallis2i@edu.com,2.1,2021-3
379,Administracion para Ingenieros,5,Cordula Dugget,Warden Tremellier,wtremellier4t@edu.com,0.9,2023-1
380,Formacion Ciudadana II: Sociedad y Estado,5,Claudian Plews,Tootsie Fiddiman,tfiddimangl@edu.com,1.9,2021-3
381,Algebra Lineal,1,Barbra Cary,Leopold Joseff,ljoseffg1@edu.com,3.6,2021-1
382,Introduccion a la Ingenieria de Datos e Inteligencia Artificial,3,Tabbitha Brealey,Claudio Langthorn,clangthornfw@edu.com,4.9,2023-3
383,Algebra Lineal,3,Brande Doonican,Wolfie Ricioppo,wricioppo4h@edu.com,1.9,2021-3
384,Electiva Profesional I,3,Dannie Follitt,Rollie Tewkesbury,rtewkesbury9z@edu.com,3.5,2021-1
385,Formacion Ciudadana I : Identidades y Pluralismo,2,Nevile Openshaw,Ranice Squirrell,rsquirrelldm@edu.com,0.5,2021-3
386,Matematicas Fundamentales,5,Gare Blanko,Alfred Mallion,amallionc0@edu.com,3.4,2021-3
387,Electiva Profesional 3,4,Nanni Jaan,Collin Cussins,ccussinsfz@edu.com,1.0,2023-3
388,Formacion Ciudadana I : Identidades y Pluralismo,1,Jerrome Chafer,Rhody Mathivat,rmathivat70@edu.com,4.8,2024-1
389,Ingles 2,5,Isabelle Leas,Libbey Vannozzii,lvannozzii3c@edu.com,4.5,2021-1
390,Electiva de Ciencias Sociales,4,Gib Peachman,Amii Reville,areville1c@edu.com,0.1,2021-3
391,Ingles 5,1,Sigmund Lowndsbrough,Yasmin Docker,ydocker6p@edu.com,4.6,2022-3
392,Seguridad de la informacion,2,Clem Branni,Morna Sigward,msigwardew@edu.com,0.4,2022-1
393,Administracion para Ingenieros,2,Courtnay Easterfield,Kat McLeman,kmcleman2d@edu.com,2.6,2024-1
394,Introduccion a la Ingenieria de Datos e Inteligencia Artificial,1,Tabbitha Brealey,Danette Dust,ddust7j@edu.com,1.6,2023-1
395,Innovacion y Emprendimiento,1,Welbie Mc Harg,Marice Cowgill,mcowgillby@edu.com,2.1,2021-1
396,Electiva de Ciencias Sociales,5,Nevile Openshaw,Forester Grayling,fgraylingj5@edu.com,4.6,2023-3
397,Analitica de Datos,5,Rivkah Pittham,Salvatore Ferrucci,sferrucciez@edu.com,4.8,2023-1
398,Calculo 2,3,Adi Stithe,Fergus Shillaber,fshillaberhp@edu.com,4.3,2023-1
399,Calculo 2,2,Hollyanne Macconaghy,Waiter Fonzo,wfonzocq@edu.com,2.7,2021-1
400,Electiva de Ciencias Sociales,4,Nolie Antonsson,Carter Coldtart,ccoldtartg8@edu.com,0.6,2024-1
401,Electiva Libre I,4,Rani Aslen,Osmond Pedden,opedden2y@edu.com,3.2,2023-1
402,Legislacion y etica en el manejo de datos,3,Juliane Bafford,Mercy Paoli,mpaoli7l@edu.com,0.4,2024-1
403,Electiva Profesional 4,5,Rivy Bellocht,Abrahan Gabbett,agabbettc9@edu.com,2.0,2023-1
404,Ingenieria y Sostenibilidad,3,Minor Stockley,Carin D'Hooghe,cdhoogheb@edu.com,4.3,2021-3
405,Calculo 2,2,Christa Buck,Brock Blaschek,bblaschek3v@edu.com,3.4,2022-1
406,Formacion Ciudadana III: Paz y Convivencia,3,Lauralee Grafhom,Floris Echalier,fechalier5s@edu.com,0.0,2022-3
407,Matematicas Fundamentales,3,Durante Gartside,Teodoro Filshin,tfilshin5e@edu.com,0.9,2024-1
408,Inteligencia Artificial,1,Martin Coldman,Price MacQueen,pmacqueen64@edu.com,4.2,2022-1
409,Ingles 3,4,Elsie Avrahamov,Joana Das,jdasje@edu.com,4.1,2021-3
410,Electiva Profesional 3,2,Karel Tackell,Jdavie Taylor,jtaylorck@edu.com,4.6,2022-1
411,Programacion,5,Sara-ann Grut,Rayshell Bolens,rbolensav@edu.com,1.2,2022-1
412,Ingles 1,5,Falkner Brettell,Hershel Yezafovich,hyezafovich2h@edu.com,1.2,2022-3
413,ETL (Extraccion Transformacion y Carga),2,Verile Summerell,Eadmund Dabernott,edabernott2v@edu.com,4.1,2021-3
414,Electiva Profesional 4,5,Babara Allsupp,Linda Chalder,lchalder7v@edu.com,4.3,2022-3
415,Sistemas Operativos,4,Kissiah MacMorland,Elissa Fyldes,efyldes5@edu.com,1.0,2024-1
416,Seguridad de la informacion,5,Esther Harman,Dita Jeannot,djeannotdf@edu.com,3.9,2024-1
417,Comunicacion Oral y Escrita,4,Dannie Follitt,Kat McLeman,kmcleman2d@edu.com,3.8,2021-1
418,Inteligencia Artificial,2,Rina Gasnoll,Hedi Fitzsimons,hfitzsimons25@edu.com,4.6,2021-1
419,Electiva de Lectura y Escritura,5,Johan Learmond,Ruprecht Scheffel,rscheffeljc@edu.com,3.3,2023-3
420,Estadistica y Probabilidad II,1,Verile Summerell,Dwight Harling,dharlinga3@edu.com,3.0,2021-1
421,Analitica de Datos,2,Theda Petrazzi,Jud Haydock,jhaydockh1@edu.com,3.3,2022-3
422,Estadistica y Probabilidad II,4,Anissa Fishbie,Genovera Favey,gfavey31@edu.com,4.2,2021-1
423,Algebra Lineal,3,Mary Birtonshaw,Clemens Russ,crussev@edu.com,0.0,2022-1
424,Ingles 1,2,Rivy Bellocht,Brand Allington,ballington4f@edu.com,2.9,2023-1
425,ETL (Extraccion Transformacion y Carga),2,Carmela Doblin,Glynn Magarrell,gmagarrellbc@edu.com,1.2,2023-1
426,ETL (Extraccion Transformacion y Carga),2,Barri Skipsea,Lotti Baggaley,lbaggaley11@edu.com,4.1,2023-3
427,Calculo 1,4,Shawn Couronne,Constantia Minelli,cminellih7@edu.com,4.9,2023-1
428,Calculo 2,5,Cornie Renneke,Mauricio Minors,mminorsem@edu.com,3.7,2021-1
429,Electiva Profesional 4,2,Kent Giddons,Rhody Mathivat,rmathivat70@edu.com,1.0,2023-1
430,Sistemas Operativos,4,Kennie Cummins,Marchall Matuska,mmatuskaae@edu.com,3.9,2021-3
431,Seminario de Ing. de Datos e I.A.,1,Rivkah Pittham,Bealle Onslow,bonslow5u@edu.com,2.3,2022-3
432,Matematicas Fundamentales,5,Kathy Hake,Alonso Chelsom,achelsomir@edu.com,1.3,2021-1
433,Formacion Ciudadana II: Sociedad y Estado,4,Melinda Stancliffe,Yale Bilston,ybilston96@edu.com,4.8,2023-1
434,Formacion Ciudadana II: Sociedad y Estado,4,Franchot Jorden,Waneta Woolger,wwoolger23@edu.com,0.9,2022-1
435,Formacion Ciudadana III: Paz y Convivencia,5,Ginger Goomes,Octavius De Ruggero,ode0@edu.com,3.0,2021-3
436,Ingles 2,2,Franchot Jorden,Ashlen Heavens,aheavensar@edu.com,2.9,2024-1
437,Ingles 2,1,Bartholemy Pavese,Nanni Sherwill,nsherwill5d@edu.com,0.4,2021-1
438,Innovacion y Emprendimiento,4,Gawen Ostick,Titus Tiplady,ttipladyht@edu.com,4.6,2023-1
439,Sistemas Operativos,5,Rebekkah Mayfield,Modestine Dobell,mdobellf2@edu.com,1.5,2022-1
440,Calculo 2,5,Kissee Giovani,Adora Collens,acollensfj@edu.com,4.3,2023-3
441,ETL (Extraccion Transformacion y Carga),3,Nalani Jeacock,Helen-elizabeth Greatbach,hgreatbachg6@edu.com,4.4,2024-1
442,Electiva Profesional I,5,Welbie Mc Harg,Brittney Bussen,bbussendt@edu.com,2.2,2022-3
443,Seminario de Ing. de Datos e I.A.,1,Nalani Jeacock,Libbie Weatherdon,lweatherdonhj@edu.com,1.2,2022-3
444,Electiva de Lectura y Escritura,4,Florina Sandlin,Constantia Minelli,cminellih7@edu.com,3.6,2023-3
445,Calculo 2,4,Farlie Palatino,Alicia Body,abodybl@edu.com,4.6,2022-3
446,Calculo 2,1,Fulvia Gravells,Hobie Ghelerdini,hghelerdini4q@edu.com,1.5,2023-1
447,Algebra Lineal,2,Marthena Bearman,Joyous Stenton,jstentono@edu.com,1.4,2023-3
448,Introduccion a la Ingenieria de Datos e Inteligencia Artificial,1,Richard Dressel,Malachi Grigoliis,mgrigoliis99@edu.com,4.0,2021-3
449,Electiva Profesional 4,3,Josy Hendrich,Vail Golden of Ireland,vgoldend1@edu.com,1.6,2021-3
450,Formacion Ciudadana III: Paz y Convivencia,5,Clari Szymoni,Antonio Cutford,acutford3k@edu.com,3.1,2022-3
451,Electiva Profesional 3,2,Cordula Dugget,Amii Reville,areville1c@edu.com,1.1,2022-1
452,ETL (Extraccion Transformacion y Carga),4,Whitman Laurent,Rose Bonnesen,rbonnesen39@edu.com,0.6,2022-1
453,Ingles 3,3,Karisa Upshall,Noe Philipson,nphilipson6r@edu.com,2.8,2024-1
454,Redes e Infraestructura,3,Kennie Cummins,Caroline Fountian,cfountian7u@edu.com,3.1,2021-3
455,Formacion Ciudadana III: Paz y Convivencia,2,Roseann Fallowfield,Inna Parnell,iparnell2a@edu.com,4.7,2023-3
456,Ingles 1,2,Charlotta Tatnell,Robby Barkshire,rbarkshire5m@edu.com,1.5,2021-3
457,Electiva de Lectura y Escritura,3,Korry Meckiff,Waneta Woolger,wwoolger23@edu.com,0.2,2022-1
458,Electiva de Ciencias Sociales,3,Esther Harman,Sisely Matejic,smatejiccx@edu.com,4.2,2024-1
459,Introduccion a la Ingenieria de Datos e Inteligencia Artificial,3,Gav Bocock,Tait Sanz,tsanz6a@edu.com,1.1,2022-1
460,Ingles 5,5,Babara Allsupp,Nigel Blowen,nblowendo@edu.com,4.6,2022-3
461,Ingles 2,3,Fayette Laville,Halimeda Murrish,hmurrishge@edu.com,0.4,2021-3
462,Calculo 2,4,Jillayne Way,Theadora McReynolds,tmcreynoldsdj@edu.com,4.8,2021-1
463,Comunicacion Oral y Escrita,5,Bernadene Habergham,Odelia Hatherell,ohatherellac@edu.com,0.7,2021-3
464,Introduccion a la Ingenieria de Datos e Inteligencia Artificial,4,Chelsea Robard,Sam Hulks,shulks9m@edu.com,0.0,2022-1
465,Ingles 1,1,Juan Asipenko,Marchall Matuska,mmatuskaae@edu.com,1.1,2022-1
466,Electiva de Lectura y Escritura,1,Lulu Harvie,Gisele Ginnane,gginnanecc@edu.com,4.0,2022-3
467,Almacenamiento de Datos,3,Richard Dressel,Kristi Tindley,ktindley4@edu.com,0.0,2022-3
468,Inteligencia Artificial,3,Marisa Ellesmere,Fitz Pracy,fpracyd4@edu.com,4.2,2021-1
469,Electiva Profesional 4,1,Gawen Ostick,Bonita Cholwell,bcholwell91@edu.com,3.6,2024-1
470,Formacion Ciudadana II: Sociedad y Estado,3,Wandis Woodruffe,Jodee MacPeice,jmacpeiceiw@edu.com,4.1,2021-3
471,Ingles 3,3,Roseann Fallowfield,Bogey Christophe,bchristophehn@edu.com,3.1,2021-1
472,Electiva Libre I,5,Sara-ann Grut,Bert Hastelow,bhastelowhr@edu.com,4.5,2023-3
473,Seminario de Ing. de Datos e I.A.,3,Lucretia McKane,Seward Rosiello,srosielloa6@edu.com,1.5,2023-1
474,Ingles 3,2,Webb Toler,Gaven Orbine,gorbine3n@edu.com,1.4,2022-1
475,Formacion Ciudadana I : Identidades y Pluralismo,1,Esther Harman,Drucie Urling,durlingi4@edu.com,2.6,2021-3
476,Electiva Profesional 4,5,Tomkin McCart,Stanfield Partener,spartener3@edu.com,3.7,2023-1
477,Electiva de Lectura y Escritura,4,Glendon Barnett,Teodorico Crowdy,tcrowdyes@edu.com,4.8,2024-1
478,Estadistica y Probabilidad II,3,Kissee Giovani,Rayshell Bolens,rbolensav@edu.com,0.7,2024-1
479,Estadistica y Probabilidad II,1,Caldwell Brydon,Maje Click,mclicki7@edu.com,1.4,2021-1
480,Calculo 2,3,Franky Ferrant,Amye Berard,aberard78@edu.com,4.7,2023-1
481,Administracion para Ingenieros,3,Lara Entwistle,Conrad Puckett,cpuckettco@edu.com,1.6,2024-1
482,Sistemas Operativos,5,Norrie Yarrington,Lucinda Danev,ldanev2p@edu.com,2.8,2023-3
483,Ingles 5,1,Abdul Portress,Demetra Matthis,dmatthis75@edu.com,3.6,2021-1
484,Ingles 2,1,Albina Tiffin,Alicia Body,abodybl@edu.com,0.2,2023-3
485,Electiva de Lectura y Escritura,5,Rosalinde Warbey,Sherwood Iddiens,siddiens4g@edu.com,0.9,2022-1
486,Administracion para Ingenieros,4,Rabi Iston,Sheree Clapperton,sclappertongu@edu.com,2.3,2022-3
487,Almacenamiento de Datos,3,Huntington Fincham,Ree Smallsman,rsmallsman1d@edu.com,3.7,2022-1
488,Ingenieria y Sostenibilidad,3,Juan Asipenko,Tammy Hicks,thicks4o@edu.com,3.9,2021-1
489,Legislacion y etica en el manejo de datos,2,Rozina Yurocjkin,Chrissy Bourthoumieux,cbourthoumieux66@edu.com,0.4,2022-1
490,Electiva Profesional I,4,Huntington Fincham,Lavina Boulsher,lboulsheri@edu.com,1.1,2022-3
491,Seminario de Ing. de Datos e I.A.,4,Neron de Wilde,Dolly de Tocqueville,ddeic@edu.com,3.8,2024-1
492,Introduccion a la Ingenieria de Datos e Inteligencia Artificial,2,Cosetta Cornely,Ernestus Titheridge,etitheridgea8@edu.com,2.8,2024-1
493,Ingles 5,2,Florina Sandlin,Celka McGebenay,cmcgebenaydi@edu.com,3.0,2021-1
494,Redes e Infraestructura,4,Germaine Nary,Stefania Simonazzi,ssimonazzi4m@edu.com,3.0,2021-1
495,Programacion,5,Violante Hartin,Hillel Udie,hudie7y@edu.com,2.4,2021-3
496,Electiva Profesional 5,3,Caldwell Brydon,Aldin Bullard,abullard14@edu.com,0.8,2022-1
497,Logica y Matematica Discreta,3,Del Gayton,Alethea Bensusan,abensusani3@edu.com,0.2,2023-1
498,Formacion Ciudadana I : Identidades y Pluralismo,3,Odessa Scotchbourouge,Rahal Jennery,rjennery8z@edu.com,2.4,2021-1
499,Estadistica y Probabilidad I,5,Waring Blenkensop,Heywood Roskell,hroskell5z@edu.com,2.1,2023-1
500,Calculo 1,4,Chelsea Robard,D'arcy Lennox,dlennox5w@edu.com,3.5,2022-1
501,Introduccion a la Ingenieria de Datos e Inteligencia Artificial,1,Genevieve Reijmers,Emiline Glanister,eglanister8j@edu.com,0.5,2021-1
502,Redes e Infraestructura,1,Nalani Jeacock,Luca Town,ltowna2@edu.com,4.1,2022-1
503,Ingles 2,5,Nathan Friedank,Farris Sans,fsansb4@edu.com,1.0,2022-3
504,Ingles 5,1,Reynold Wolstencroft,Florenza Jost,fjostix@edu.com,0.1,2022-3
505,Electiva Profesional 2,1,Yolane Ulrik,Gonzales Brymner,gbrymner12@edu.com,3.0,2022-1
506,Innovacion y Emprendimiento,5,Rudd Giff,Lynnett Servant,lservant1u@edu.com,0.3,2021-3
507,Calculo 1,3,Norrie Yarrington,Blinny Grabham,bgrabham1v@edu.com,2.6,2023-3
508,Inteligencia Artificial,1,Stevana Pancoust,Zacharie Beckey,zbeckey8@edu.com,2.0,2022-1
509,Formacion Ciudadana I : Identidades y Pluralismo,4,Franchot Jorden,Aldin Derl,aderl8i@edu.com,1.6,2023-1
510,Comunicacion Oral y Escrita,4,Shelley Imlach,Zelda Scholcroft,zscholcroftad@edu.com,3.9,2021-3
511,Ingles 3,5,Rebekah Huett,Inez Durbyn,idurbyngi@edu.com,4.5,2024-1
512,Estadistica y Probabilidad I,1,Fayette Laville,Francklin Rase,frase10@edu.com,1.7,2023-1
513,Ingles 1,3,Dorian Bjorkan,Sheridan Lamball,slamballfp@edu.com,1.3,2023-3
514,Innovacion y Emprendimiento,1,Durante Gartside,Colene Beston,cbeston8w@edu.com,3.2,2024-1
515,Almacenamiento de Datos,2,Rina Gasnoll,Alexina Ruperti,arupertic@edu.com,0.1,2022-3
516,Ingles 1,1,Glendon Barnett,Payton Croysdale,pcroysdale3i@edu.com,1.9,2021-1
517,ETL (Extraccion Transformacion y Carga),3,Conant Sumpner,Livia Cleyne,lcleyneer@edu.com,0.0,2022-3
518,Programacion,5,Carmela Doblin,Lynea Baugham,lbaugham27@edu.com,2.7,2023-1
519,Electiva Profesional 2,3,Dorian Bjorkan,Glyn Heinz,gheinz2o@edu.com,4.3,2023-3
520,Seminario de Ing. de Datos e I.A.,1,Wilton Astbery,Ardis Algore,aalgore6g@edu.com,0.3,2023-1
521,Electiva Profesional I,4,Casie Yurmanovev,Langston Tams,ltams7d@edu.com,2.9,2022-1
522,Formacion Ciudadana II: Sociedad y Estado,4,Craggy Ensor,Simon Rubenov,srubenov2x@edu.com,4.6,2021-3
523,Electiva Profesional I,2,Alexandre Alvy,Liesa Ferencowicz,lferencowicz8e@edu.com,2.4,2022-1
524,Electiva Profesional 4,4,Brande Doonican,Jeannie Cleaver,jcleaver9d@edu.com,4.0,2021-3
525,Legislacion y etica en el manejo de datos,4,Christa Buck,Travis Upsale,tupsalef6@edu.com,1.1,2023-3
526,Algebra Lineal,1,Glendon Barnett,Waiter Fonzo,wfonzocq@edu.com,1.9,2023-3
527,Legislacion y etica en el manejo de datos,1,Elsie Avrahamov,Patrice Kirvin,pkirvincb@edu.com,1.0,2022-3
528,Ingles 3,3,Roseann Fallowfield,Keslie Kobiera,kkobiera6i@edu.com,0.4,2021-1
529,Analitica de Datos,1,Zenia Youle,Meg Drakeley,mdrakeleyhs@edu.com,4.4,2023-1
530,Electiva de Ciencias Sociales,3,Dorian Bjorkan,Laurie Booth-Jarvis,lboothjarvis35@edu.com,3.3,2024-1
531,Programacion,1,Sigmund Lowndsbrough,Baron Skerman,bskerman6x@edu.com,4.5,2021-3
532,Sistemas Operativos,3,Tresa Derham,Shelton Chevalier,schevalier93@edu.com,4.5,2022-1
533,Ingles 5,3,Piper Sieghard,Padgett State,pstatea9@edu.com,1.6,2021-1
534,Electiva Profesional I,2,Nalani Jeacock,Llywellyn Seide,lseidehg@edu.com,1.9,2024-1
535,Programacion,2,Richard Dressel,Layla Paddon,lpaddonbn@edu.com,2.5,2022-3
536,Calculo 1,3,Pen Withrop,Berte Dumbleton,bdumbletond6@edu.com,1.5,2023-3
537,Ingles 2,4,Jaquelyn Vayro,Alden Gellion,agellioncy@edu.com,2.9,2024-1
538,ETL (Extraccion Transformacion y Carga),5,Elisabet Filippo,Dacey Soares,dsoares1m@edu.com,2.8,2024-1
539,Inteligencia Artificial,1,Genevieve Reijmers,Storm Kurtis,skurtiss@edu.com,0.8,2021-1
540,Ingenieria y Sostenibilidad,3,Nickolaus Christoffe,Merle Scamal,mscamalch@edu.com,2.2,2021-1
541,Calculo 2,4,Cosetta Cornely,Harv Aven,haven8u@edu.com,3.6,2021-3
542,Ingles 4,3,Giffard Drought,Clevey Skeffington,cskeffington5i@edu.com,2.1,2022-1
543,Ingles 1,3,Zachery Charley,Terencio Tigner,ttignerhx@edu.com,0.5,2023-3
544,Formacion Ciudadana II: Sociedad y Estado,5,Pat Sollam,Freeman Barkess,fbarkesscn@edu.com,2.2,2022-1
545,Electiva Profesional 4,2,Lulu Harvie,Martita Leasor,mleasor19@edu.com,4.3,2024-1
546,Formacion Ciudadana II: Sociedad y Estado,3,Simeon Creser,Birgit Stocks,bstocksdb@edu.com,1.1,2024-1
547,Legislacion y etica en el manejo de datos,1,Kellyann Witherow,Sophi Dannell,sdannelldw@edu.com,3.3,2022-3
548,Electiva Libre I,3,Stevana Pancoust,Glynda Lanney,glanneyhk@edu.com,2.3,2023-1
549,Electiva Libre I,4,Elsie Avrahamov,Roxanne Pierro,rpierrojd@edu.com,3.7,2021-3
550,Almacenamiento de Datos,4,Giffard Drought,Consalve Simeoli,csimeolifx@edu.com,1.9,2022-1
551,Seguridad de la informacion,5,Reynold Wolstencroft,Celka McGebenay,cmcgebenaydi@edu.com,4.0,2022-1
552,Electiva Profesional 5,5,Simeon Creser,Brice Leatherland,bleatherlandhu@edu.com,3.6,2024-1
553,Electiva Profesional 2,1,Verine Pemble,Laurie Booth-Jarvis,lboothjarvis35@edu.com,4.4,2023-1
554,Ingles 2,4,Shelley Imlach,Yorgos Roch,yrochgt@edu.com,2.2,2022-1
555,Formacion Ciudadana III: Paz y Convivencia,5,Michelina Perkins,Tawsha Benzie,tbenzieb1@edu.com,4.4,2022-3
556,Calculo 2,2,Tresa Derham,Gerhardine Deverick,gdeverick3l@edu.com,2.3,2022-1
557,Electiva Profesional I,1,Payton Greig,Meggie Gabrieli,mgabrielibw@edu.com,1.4,2022-3
558,Electiva Profesional I,3,Kent Giddons,Abrahan Gabbett,agabbettc9@edu.com,2.1,2022-1
559,Sistemas Operativos,2,Libby Silveston,Cariotta Cristobal,ccristobal4k@edu.com,4.4,2023-1
560,Seguridad de la informacion,4,Ginger Goomes,Bonita Cholwell,bcholwell91@edu.com,5.0,2021-3
561,Redes e Infraestructura,5,Obediah Worland,Helen Ladell,hladellfn@edu.com,1.1,2024-1
562,Ingles 2,5,Edith Foro,Robb Riordan,rriordanfg@edu.com,0.1,2023-1
563,ETL (Extraccion Transformacion y Carga),3,Sibeal Thunnercliffe,Drucill Sparway,dsparwayg@edu.com,3.5,2021-3
564,Redes e Infraestructura,3,Rudd Giff,Steffane Ransome,sransomeiz@edu.com,0.6,2021-1
565,Administracion para Ingenieros,5,Christy Brodeau,Langston Tams,ltams7d@edu.com,4.8,2022-1
566,Electiva Profesional 2,1,Franky Ferrant,Alicia Body,abodybl@edu.com,2.5,2024-1
567,Comunicacion Oral y Escrita,5,Rebekah Huett,Doy Aleksidze,daleksidze37@edu.com,1.3,2024-1
568,Ingles 5,1,Suzette Paley,Stanfield Partener,spartener3@edu.com,4.0,2024-1
569,Ingles 3,4,Phaedra Spatoni,Jareb O'Calleran,jocalleranal@edu.com,3.5,2023-1
570,ETL (Extraccion Transformacion y Carga),5,Theda Petrazzi,Waneta Woolger,wwoolger23@edu.com,1.6,2022-3
571,Formacion Ciudadana II: Sociedad y Estado,4,Craggy Ensor,Sherwood Iddiens,siddiens4g@edu.com,5.0,2021-3
572,Electiva Profesional 2,5,Esther Harman,Debby Thow,dthow22@edu.com,2.5,2024-1
573,Formacion Ciudadana I : Identidades y Pluralismo,5,Sherie Edmons,Lucina MacKerley,lmackerley1w@edu.com,0.0,2023-1
574,ETL (Extraccion Transformacion y Carga),3,Conant Sumpner,Kat McLeman,kmcleman2d@edu.com,2.4,2023-1
575,Electiva Profesional 4,3,Ginger Goomes,Joni Rosenqvist,jrosenqvist4u@edu.com,2.5,2021-3
576,Almacenamiento de Datos,3,Charlotta Tatnell,Rock Goby,rgoby5o@edu.com,0.2,2021-3
577,Ingenieria y Sostenibilidad,5,Tanitansy Dwine,Dillon Olennikov,dolennikovj2@edu.com,0.7,2021-3
578,Electiva Profesional I,4,Annabal Riseam,Rikki Goodwin,rgoodwinhe@edu.com,2.3,2023-1
579,Innovacion y Emprendimiento,4,Lucretia McKane,Rose Emburey,rembureyek@edu.com,0.4,2021-1
580,Electiva de Lectura y Escritura,3,Yolane Ulrik,Pietra Keenor,pkeenorca@edu.com,3.3,2022-1
581,Ingles 4,4,Carlie Goldster,Sayre Adanet,sadanet1s@edu.com,2.1,2024-1
582,Seminario de Ing. de Datos e I.A.,2,Juliane Bafford,Chandra Cook,ccookd7@edu.com,1.1,2022-1
583,Electiva de Lectura y Escritura,5,Wilton Astbery,Tab Pelosi,tpelosi5x@edu.com,2.8,2024-1
584,Analitica de Datos,2,Zachery Charley,Byrann felip,bfelipeb@edu.com,1.1,2021-1
585,Almacenamiento de Datos,1,Kellyann Witherow,Midge St. Hill,mst7w@edu.com,1.1,2022-3
586,Formacion Ciudadana II: Sociedad y Estado,1,Hynda Van Velde,Che Mole,cmolecd@edu.com,1.1,2023-1
587,Estadistica y Probabilidad I,2,Smith Cupitt,Danette Dust,ddust7j@edu.com,4.2,2021-1
588,Ingles 4,3,Florina Sandlin,Sarajane McMichell,smcmichelle8@edu.com,2.0,2022-3
589,Innovacion y Emprendimiento,2,Sherie Edmons,Salim Rosbotham,srosbothamu@edu.com,0.6,2022-1
590,Electiva de Lectura y Escritura,1,Carmel Chappelow,Ninnette McCourt,nmccourt6z@edu.com,0.7,2023-3
591,Electiva Profesional 3,2,Nickie Gianasi,Jocelyne McEntagart,jmcentagartg3@edu.com,2.4,2022-1
592,Electiva de Ciencias Sociales,3,Hollyanne Macconaghy,Emerson Fison,efison88@edu.com,4.2,2024-1
593,ETL (Extraccion Transformacion y Carga),5,Osbert Baird,Mirabel Gerrelt,mgerreltc2@edu.com,4.3,2023-3
594,Electiva Profesional 4,2,Luciana Files,Sheffy Bende,sbende8h@edu.com,2.1,2024-1
595,Ingles 4,1,Melinda Stancliffe,Nadine Eveleigh,neveleighdv@edu.com,0.5,2021-1
596,Matematicas Fundamentales,5,Neel Irlam,Rebekah Rosedale,rrosedale1t@edu.com,4.9,2021-1
597,Algebra Lineal,2,Phaedra Spatoni,Carissa Pero,cpero69@edu.com,4.3,2021-3
598,Redes e Infraestructura,3,Chet Keam,Gabriel De Lisle,gdeex@edu.com,2.9,2023-3
599,Seminario de Ing. de Datos e I.A.,1,Tessy Jachimczak,Morna Sigward,msigwardew@edu.com,2.5,2021-1
600,Electiva Profesional 5,4,Berke Patzelt,Dayle Lippiello,dlippiello34@edu.com,2.4,2022-1
601,Formacion Ciudadana II: Sociedad y Estado,3,Annabal Riseam,Mirabel Gerrelt,mgerreltc2@edu.com,2.0,2022-3
602,Algebra Lineal,2,Carita Grandin,Lonni Strowther,lstrowther42@edu.com,0.5,2021-3
603,Inteligencia Artificial,4,Craggy Ensor,Lavina Boulsher,lboulsheri@edu.com,4.3,2023-3
604,Formacion Ciudadana I : Identidades y Pluralismo,3,Richard Dressel,Constantia Minelli,cminellih7@edu.com,4.7,2022-1
605,Electiva Profesional 4,5,Griz Ovens,Branden Slocum,bslocumhl@edu.com,0.2,2022-1
606,Ingles 4,4,Dell Catmull,Inglebert Cripin,icripin6d@edu.com,2.8,2021-3
607,Electiva de Lectura y Escritura,3,Theda Petrazzi,Kip Truckell,ktruckell80@edu.com,3.8,2022-1
608,Electiva Profesional 3,3,Ginger Goomes,Petunia McNeilly,pmcneillyv@edu.com,0.4,2021-3
609,Inteligencia Artificial,3,Ariella Mixon,Jeniece Sinnett,jsinnett1j@edu.com,4.8,2021-1
610,Legislacion y etica en el manejo de datos,1,Florance Simoens,Amara Chivers,achiverscp@edu.com,2.1,2021-1
611,Seminario de Ing. de Datos e I.A.,1,Payton Greig,Reine Crumley,rcrumley3j@edu.com,5.0,2021-1
612,Administracion para Ingenieros,4,Minor Stockley,Henderson Levesque,hlevesquego@edu.com,0.5,2021-1
613,Electiva de Ciencias Sociales,4,Fulvia Gravells,Kelsi Parratt,kparratt45@edu.com,4.8,2022-3
614,Matematicas Fundamentales,4,Nickie Gianasi,Maxine Petronis,mpetronis54@edu.com,1.9,2023-1
615,Electiva Libre I,5,Reeba Speaks,Consuelo Pendlington,cpendlington4i@edu.com,2.5,2022-3
616,Ingles 4,3,Glenn Pawlicki,Davis Hallums,dhallums61@edu.com,2.6,2022-3
617,Ingles 1,2,Illa McGunley,Haydon Tabour,htabour9l@edu.com,2.4,2023-1
618,Estadistica y Probabilidad I,1,Wenda Gaskin,Birgit Stocks,bstocksdb@edu.com,3.9,2022-3
619,Electiva Profesional I,4,Rebekah Huett,Genovera Favey,gfavey31@edu.com,1.6,2023-3
620,Analitica de Datos,4,Garv Forde,Donal Sommerling,dsommerling8d@edu.com,4.3,2023-3
621,Formacion Ciudadana I : Identidades y Pluralismo,5,Martin Coldman,Doro Sames,dsames4w@edu.com,3.3,2022-1
622,Estadistica y Probabilidad II,3,Shelley Imlach,Bentley Meachan,bmeachanbb@edu.com,3.1,2024-1
623,Formacion Ciudadana III: Paz y Convivencia,2,Carlie Goldster,Del Etherson,detherson2j@edu.com,2.4,2023-1
624,Calculo 1,5,Farlie Palatino,Feliks Blakelock,fblakelockf1@edu.com,1.7,2023-3
625,Analitica de Datos,2,Melba O'Leary,Irvine Lemm,ilemm60@edu.com,1.2,2023-3
626,Formacion Ciudadana I : Identidades y Pluralismo,4,Chet Keam,Joyous Stenton,jstentono@edu.com,2.2,2022-1
627,Formacion Ciudadana I : Identidades y Pluralismo,3,Jaquelyn Vayro,Hettie Labb,hlabb1f@edu.com,2.5,2024-1
628,Electiva Profesional 4,1,Gav Bocock,Shelli Perassi,sperassi46@edu.com,3.9,2021-1
629,Electiva Profesional 4,5,Horacio Suermeier,Garwood Mallinson,gmallinsone9@edu.com,3.0,2023-3
630,Formacion Ciudadana II: Sociedad y Estado,5,Del Gayton,Glynda Lanney,glanneyhk@edu.com,2.5,2024-1
631,Almacenamiento de Datos,2,Caldwell Brydon,Gillie Oleszkiewicz,goleszkiewicz1p@edu.com,3.9,2021-3
632,Electiva Profesional 4,2,Dav Neal,Carmelle Clemence,cclemencecg@edu.com,2.2,2024-1
633,Administracion para Ingenieros,4,Marisa Ellesmere,Klara Gemeau,kgemeau49@edu.com,0.1,2021-1
634,Electiva Profesional 3,1,Pen Withrop,Pandora Ritchie,pritchiecf@edu.com,2.8,2022-3
635,Analitica de Datos,3,Abdul Portress,Tades Playle,tplayle9p@edu.com,0.4,2022-3
636,Sistemas Operativos,2,Carmela Doblin,Emerson Fison,efison88@edu.com,4.1,2021-1
637,Seguridad de la informacion,3,Sara-ann Grut,Melisande Hemstead,mhemsteadau@edu.com,2.0,2022-1
638,Inteligencia Artificial,3,Hinze Strand,Florette Titchen,ftitchena1@edu.com,0.8,2021-1
639,Programacion,1,Nevile Openshaw,Genny Ellicombe,gellicombe7g@edu.com,3.9,2021-1
640,Electiva de Ciencias Sociales,2,Bernette Binion,Brigid Loyndon,bloyndonec@edu.com,0.9,2022-1
641,Analitica de Datos,4,Vidovik Landall,Garvin Dreigher,gdreigherf3@edu.com,4.0,2021-3
642,Seminario de Ing. de Datos e I.A.,4,Adi Stithe,Kenna Oliver-Paull,koliverpaull2s@edu.com,4.7,2023-3
643,Almacenamiento de Datos,4,Annabal Riseam,Angele McEnery,amceneryja@edu.com,3.9,2023-1
644,Electiva Profesional 2,4,Sigmund Lowndsbrough,Inglebert Cripin,icripin6d@edu.com,4.0,2021-1
645,Ingles 2,5,Kissee Giovani,Lea Sember,lsemberbx@edu.com,0.5,2022-3
646,Algebra Lineal,2,Phaedra Spatoni,Midge St. Hill,mst7w@edu.com,4.9,2023-1
647,Seminario de Ing. de Datos e I.A.,3,Conant Sumpner,Tamera Ivshin,tivshin87@edu.com,3.6,2024-1
648,Formacion Ciudadana II: Sociedad y Estado,3,Tabbitha Brealey,Lani McGrah,lmcgrahb8@edu.com,2.8,2023-3
649,Sistemas Operativos,2,Kennie Cummins,Victoria Laker,vlaker7m@edu.com,3.8,2022-3
650,Legislacion y etica en el manejo de datos,2,Franky Ferrant,Yorgos Roch,yrochgt@edu.com,4.1,2021-1
651,ETL (Extraccion Transformacion y Carga),4,Florance Simoens,Kathi Pyson,kpysoncw@edu.com,4.7,2021-3
652,Seguridad de la informacion,5,Carlie Goldster,Ulrikaumeko Gunner,ugunnerdd@edu.com,2.3,2022-3
653,Innovacion y Emprendimiento,4,Farlie Palatino,Tara Caress,tcaressj8@edu.com,0.6,2023-3
654,Algebra Lineal,2,Wandis Woodruffe,Aidan Von Salzberg,avon1b@edu.com,4.3,2023-3
655,ETL (Extraccion Transformacion y Carga),2,Cordula Dugget,Glynis Rydings,grydings44@edu.com,4.8,2022-1
656,Electiva Profesional I,3,Rozina Yurocjkin,Amara Chivers,achiverscp@edu.com,0.1,2021-1
657,Electiva Profesional 3,4,Carlie Goldster,Vita Gamlen,vgamlenib@edu.com,1.7,2021-1
658,Calculo 2,5,Michelina Perkins,Salmon Bantick,sbantick3z@edu.com,3.9,2021-3
659,Electiva de Lectura y Escritura,3,Erena Bruggen,Rosanna Pomroy,rpomroyf4@edu.com,0.1,2021-3
660,Programacion,1,Rosalinde Warbey,Candra Lamlin,clamlingk@edu.com,3.6,2022-1
661,Almacenamiento de Datos,1,Wandis Woodruffe,Vergil Winfield,vwinfieldr@edu.com,4.8,2021-1
662,Electiva Profesional 2,3,Jaquelyn Vayro,Stephine Viles,svileseh@edu.com,3.6,2022-3
663,Ingles 3,2,Marisa Ellesmere,Marleen Castagnasso,mcastagnassogf@edu.com,0.7,2021-1
664,Seminario de Ing. de Datos e I.A.,2,Hyacinth Matkovic,Cristiano Isaac,cisaac9k@edu.com,0.5,2021-3
665,Electiva de Ciencias Sociales,3,Adrianne Cescot,Gabbey Bains,gbainsb0@edu.com,1.1,2022-3
666,Algebra Lineal,5,Elaina Baumler,Sheri McCroft,smccrofti1@edu.com,1.3,2024-1
667,Formacion Ciudadana II: Sociedad y Estado,1,Martin Coldman,Myriam Baulch,mbaulch5g@edu.com,1.3,2021-3
668,ETL (Extraccion Transformacion y Carga),1,Conant Sumpner,Mike Pellitt,mpellitte4@edu.com,0.7,2021-1
669,Calculo 2,3,Chelsea Robard,Lucina MacKerley,lmackerley1w@edu.com,0.4,2022-1
670,Inteligencia Artificial,3,Juliane Bafford,Muffin Buckthorpe,mbuckthorpe5n@edu.com,2.7,2023-1
671,Seguridad de la informacion,1,Raymund Fominov,Ignazio Carlill,icarlillh6@edu.com,4.7,2023-1
672,Legislacion y etica en el manejo de datos,5,Christy Brodeau,Jacquenette Hobgen,jhobgeni6@edu.com,0.2,2022-1
673,Electiva Libre I,4,Durante Gartside,Bartolomeo Kendrick,bkendrickc3@edu.com,2.6,2024-1
674,Ingles 2,4,Annabal Riseam,Susi Cunningham,scunningham67@edu.com,1.1,2021-1
675,Electiva de Ciencias Sociales,5,Rina Gasnoll,Rea Stollman,rstollman8b@edu.com,4.3,2023-1
676,Ingles 3,2,Garv Forde,Sam Hulks,shulks9m@edu.com,1.7,2022-3
677,Electiva Profesional 5,4,Glendon Barnett,Michaelina Olekhov,molekhov3m@edu.com,1.5,2024-1
678,Algebra Lineal,5,Fayette Laville,Simon Rubenov,srubenov2x@edu.com,1.1,2023-1
679,Ingenieria y Sostenibilidad,5,Del Gayton,Andie Caseley,acaseley4n@edu.com,0.4,2024-1
680,ETL (Extraccion Transformacion y Carga),5,Bartholemy Pavese,Vita Gamlen,vgamlenib@edu.com,0.4,2022-3
681,Administracion para Ingenieros,2,Zenia Youle,Lidia Minico,lminicoe3@edu.com,1.1,2021-1
682,Electiva Profesional 3,4,Falkner Brettell,Christian Yewman,cyewmanan@edu.com,2.1,2022-1
683,Formacion Ciudadana II: Sociedad y Estado,5,Carita Grandin,Layla Paddon,lpaddonbn@edu.com,0.9,2021-3
684,Logica y Matematica Discreta,4,Suzette Paley,Thebault Ferronet,tferronet8a@edu.com,3.9,2022-3
685,Calculo 1,5,Shelley Imlach,Gwendolyn Prater,gpraterf8@edu.com,3.1,2022-3
686,Electiva Profesional I,1,Zenia Youle,Raynard Robison,rrobison9q@edu.com,2.6,2024-1
687,Calculo 2,5,Gav Bocock,Alicia Body,abodybl@edu.com,4.8,2021-3
688,Electiva Profesional 4,5,Stevana Pancoust,Caitlin Castelyn,ccastelynbt@edu.com,3.3,2022-1
689,Electiva de Lectura y Escritura,4,Rebekkah Mayfield,Gerik Caslett,gcaslett9v@edu.com,4.6,2022-1
690,Ingles 4,5,Alethea Adcocks,Aldo Radoux,aradouxio@edu.com,2.5,2024-1
691,Estadistica y Probabilidad II,3,Mary Birtonshaw,Rodie Bucktrout,rbucktrout7e@edu.com,4.3,2023-1
692,Logica y Matematica Discreta,1,Abdul Portress,Noe Vakhrushev,nvakhrushevgh@edu.com,1.0,2023-3
693,Calculo 1,2,Jerrome Chafer,Judye Hamlen,jhamlen77@edu.com,3.8,2021-1
694,Calculo 1,4,Albina Tiffin,Amity Varrow,avarrowfo@edu.com,4.9,2021-3
695,Ingenieria y Sostenibilidad,1,Violante Hartin,Peg Schimann,pschimannfy@edu.com,4.6,2021-1
696,Ingles 3,3,Nolie Antonsson,Francene McGeorge,fmcgeorgebk@edu.com,1.1,2021-3
697,Formacion Ciudadana III: Paz y Convivencia,2,Elisabet Filippo,Jemmy Latch,jlatch2n@edu.com,3.8,2023-3
698,Formacion Ciudadana II: Sociedad y Estado,5,Chet Keam,Riva Vedekhov,rvedekhovjb@edu.com,4.4,2021-1
699,Programacion,2,Reynold Wolstencroft,Yoshiko Ayres,yayresdx@edu.com,1.9,2023-1
700,Ingles 4,1,Charlotta Tatnell,Alexina Ruperti,arupertic@edu.com,1.8,2023-3
701,Logica y Matematica Discreta,1,Obediah Worland,Helen-elizabeth Greatbach,hgreatbachg6@edu.com,2.7,2024-1
702,Almacenamiento de Datos,4,Jaquelyn Vayro,Vita Gamlen,vgamlenib@edu.com,1.7,2021-3
703,Formacion Ciudadana II: Sociedad y Estado,5,Yolane Ulrik,Fionnula Turri,fturrifm@edu.com,3.3,2022-1
704,Analitica de Datos,2,Pat Sollam,Kip Truckell,ktruckell80@edu.com,4.8,2024-1
705,Sistemas Operativos,1,Carmel Chappelow,Benedicto Freire,bfreire5r@edu.com,2.9,2021-1
706,Electiva Profesional 4,4,Glenn Pawlicki,Benedicta Giorgielli,bgiorgiellibh@edu.com,3.1,2021-1
707,Analitica de Datos,4,Rebekkah Mayfield,Maura Udden,mudden9t@edu.com,3.1,2021-3
708,Analitica de Datos,2,Pat Sollam,Thebault Ferronet,tferronet8a@edu.com,3.8,2022-1
709,Estadistica y Probabilidad I,5,Pat Sollam,Ania Dudmarsh,adudmarsh28@edu.com,0.5,2022-1
710,Seminario de Ing. de Datos e I.A.,3,Casie Yurmanovev,Janot Taffurelli,jtaffurelli2k@edu.com,1.0,2023-3
711,Ingles 2,4,Griz Ovens,Rollie Tewkesbury,rtewkesbury9z@edu.com,1.0,2021-3
712,Legislacion y etica en el manejo de datos,5,Nanni Jaan,Stacee Beastall,sbeastalld3@edu.com,4.9,2021-1
713,Formacion Ciudadana II: Sociedad y Estado,3,Verine Pemble,Mattias Sparkwill,msparkwillfe@edu.com,0.7,2023-1
714,Estadistica y Probabilidad II,1,Gav Bocock,Morna Sigward,msigwardew@edu.com,4.2,2024-1
715,Redes e Infraestructura,3,Rivkah Pittham,Sal Houldin,shouldinhf@edu.com,4.7,2021-3
716,Electiva Profesional I,4,Adi Stithe,Nevin Masson,nmasson1z@edu.com,4.2,2021-3
717,Administracion para Ingenieros,4,Melinda Stancliffe,Sinclair Groveham,sgrovehamy@edu.com,4.7,2024-1
718,Electiva de Ciencias Sociales,2,Sigmund Lowndsbrough,Marlo Cocklie,mcocklie8l@edu.com,1.5,2022-3
719,Ingles 2,5,Roseann Fallowfield,Sophi Dannell,sdannelldw@edu.com,1.6,2023-3
720,Almacenamiento de Datos,5,Edith Foro,Yasmin Docker,ydocker6p@edu.com,1.5,2024-1
721,Legislacion y etica en el manejo de datos,4,Kennie Cummins,Feliks Blakelock,fblakelockf1@edu.com,4.9,2023-3
722,Formacion Ciudadana II: Sociedad y Estado,3,Langsdon Oakman,Kilian Jirsa,kjirsadc@edu.com,3.4,2022-3
723,Electiva Libre I,2,Raimundo Lonsdale,Riley Pinnegar,rpinnegarfd@edu.com,3.3,2022-3
724,Formacion Ciudadana I : Identidades y Pluralismo,3,Lorrie Winborn,Alexandre Hinkins,ahinkinsbz@edu.com,1.1,2022-1
725,Redes e Infraestructura,1,Carmel Chappelow,Siward Trevarthen,strevarthenc5@edu.com,2.6,2022-1
726,Legislacion y etica en el manejo de datos,2,Elisabet Filippo,Katinka Epgrave,kepgrave13@edu.com,1.1,2022-3
727,Almacenamiento de Datos,2,Zenia Youle,Parnell Mityushkin,pmityushkinm@edu.com,0.2,2021-1
728,Formacion Ciudadana II: Sociedad y Estado,5,Raimundo Lonsdale,Elyn Scullion,escullionaw@edu.com,1.8,2022-1
729,Introduccion a la Ingenieria de Datos e Inteligencia Artificial,3,Waldemar Tandey,Lind Mudge,lmudgeh2@edu.com,0.1,2022-3
730,Estadistica y Probabilidad II,5,Lauralee Grafhom,Cletus Domange,cdomange41@edu.com,1.0,2021-1
731,Inteligencia Artificial,1,Theda Petrazzi,Balduin Clarey,bclarey8v@edu.com,0.3,2022-1
732,Analitica de Datos,1,Rina Gasnoll,Tessi Clancey,tclancey6h@edu.com,4.9,2023-1
733,Electiva Profesional 3,1,Huntington Fincham,Jorry Hulburd,jhulburdax@edu.com,2.2,2022-1
734,Electiva Profesional 3,5,Vyky Pretty,Aubry Muscat,amuscate2@edu.com,2.5,2024-1
735,Seguridad de la informacion,4,Rozina Yurocjkin,Stillman Attawell,sattawellfq@edu.com,3.9,2023-1
736,Electiva Profesional 5,4,Kent Giddons,Torie Menaul,tmenaul2l@edu.com,3.9,2023-1
737,Matematicas Fundamentales,5,Courtnay Easterfield,Gweneth Patrick,gpatrick9s@edu.com,0.7,2024-1
738,Electiva Profesional 5,1,Tanitansy Dwine,Eugenie Buglar,ebuglar4a@edu.com,2.6,2021-3
739,Programacion,2,Kimbra Duchateau,Florance Dillinger,fdillingerei@edu.com,0.9,2022-3
740,Logica y Matematica Discreta,5,Gawen Ostick,Latrina Menloe,lmenloe4j@edu.com,0.1,2023-3
741,Electiva Profesional 4,2,Rani Aslen,Elissa Fyldes,efyldes5@edu.com,2.9,2024-1
742,Estadistica y Probabilidad I,1,Zachery Charley,Ermin Walkingshaw,ewalkingshawhh@edu.com,2.3,2021-1
743,Almacenamiento de Datos,1,Langsdon Oakman,Bentley Meachan,bmeachanbb@edu.com,3.8,2024-1
744,Electiva Profesional 3,2,Tessy Jachimczak,Genny Ellicombe,gellicombe7g@edu.com,5.0,2024-1
745,Calculo 2,3,Lenka Do Rosario,Fionnula Turri,fturrifm@edu.com,0.6,2022-1
746,Electiva de Ciencias Sociales,4,Nonna Nutton,Dee Eversley,deversley5v@edu.com,3.1,2022-3
747,Electiva Profesional 3,5,Barbra Cary,Lani McGrah,lmcgrahb8@edu.com,1.8,2023-1
748,Matematicas Fundamentales,2,Minor Stockley,Sidnee Gordge,sgordgeat@edu.com,4.0,2024-1
749,Electiva Libre I,1,Kellyann Witherow,Martita Leasor,mleasor19@edu.com,4.4,2022-3
750,Inteligencia Artificial,3,Caldwell Brydon,Rikki Goodwin,rgoodwinhe@edu.com,4.9,2023-1
751,Administracion para Ingenieros,1,Carmela Doblin,Sarene Pether,spetherhw@edu.com,1.2,2021-3
752,Formacion Ciudadana II: Sociedad y Estado,4,Adrianne Cescot,Sinclair Groveham,sgrovehamy@edu.com,1.2,2022-1
753,Introduccion a la Ingenieria de Datos e Inteligencia Artificial,3,Adrianne Cescot,Ardenia Shafier,ashafierig@edu.com,2.1,2023-1
754,Comunicacion Oral y Escrita,4,Rozina Yurocjkin,Saw Foister,sfoister2f@edu.com,1.8,2022-1
755,Matematicas Fundamentales,3,Tabitha Edgcombe,Gisele Ganiford,gganiforddy@edu.com,1.6,2023-1
756,Algebra Lineal,2,Illa McGunley,Fallon Coche,fcoche8p@edu.com,1.0,2023-3
757,Seminario de Ing. de Datos e I.A.,2,Osbert Baird,Steffane Ransome,sransomeiz@edu.com,2.6,2023-1
758,ETL (Extraccion Transformacion y Carga),4,Minor Stockley,Wayland Axworthy,waxworthyaf@edu.com,1.5,2023-1
759,Electiva Libre I,5,Cosetta Cornely,Shelton Chevalier,schevalier93@edu.com,4.9,2023-3
760,Electiva Libre I,1,Payton Greig,Helen Ladell,hladellfn@edu.com,1.0,2021-1
761,Calculo 1,4,Paxon Helleckas,Teodoro Filshin,tfilshin5e@edu.com,4.3,2022-1
762,ETL (Extraccion Transformacion y Carga),4,Tabby Odby,Moishe Shevlan,mshevlanen@edu.com,3.0,2022-3
763,Programacion,4,Dido Vedeneev,Sargent Debow,sdebowfl@edu.com,1.6,2021-3
764,Ingenieria y Sostenibilidad,5,Cosetta Cornely,Augustine Waters,awatersgd@edu.com,3.1,2023-1
765,Analitica de Datos,1,Adrianne Cescot,Emmalynn Thatcham,ethatchamb5@edu.com,2.6,2022-1
766,Sistemas Operativos,4,Bernetta Bentinck,Karina Loiterton,kloitertonq@edu.com,2.1,2022-3
767,Ingenieria y Sostenibilidad,2,Tabby Odby,Asa Iacopetti,aiacopetti5l@edu.com,1.6,2022-3
768,Analitica de Datos,5,Norrie Yarrington,Ronalda Povall,rpovall6m@edu.com,1.2,2021-1
769,Electiva Profesional 3,4,Edith Foro,Reinaldo Secker,rseckerej@edu.com,2.4,2021-1
770,Algebra Lineal,1,Norrie Yarrington,Carin D'Hooghe,cdhoogheb@edu.com,3.9,2023-1
771,Formacion Ciudadana II: Sociedad y Estado,3,Paxon Helleckas,Vergil Grove,vgrovedq@edu.com,3.3,2022-1
772,Administracion para Ingenieros,1,Korry Meckiff,Patrice Kirvin,pkirvincb@edu.com,3.4,2021-1
773,Formacion Ciudadana I : Identidades y Pluralismo,5,Rabi Iston,Cayla Tookey,ctookeyn@edu.com,4.4,2023-3
774,Administracion para Ingenieros,5,Neron de Wilde,Deina Eallis,deallis2i@edu.com,2.4,2024-1
775,Calculo 2,2,Clem Branni,Bert Hastelow,bhastelowhr@edu.com,4.3,2022-3
776,Ingles 5,5,Sigmund Lowndsbrough,Ania Dudmarsh,adudmarsh28@edu.com,4.0,2021-3
777,Administracion para Ingenieros,1,Brear Trussell,Lani Sorley,lsorleyee@edu.com,4.9,2021-3
778,Electiva Profesional 3,5,Violante Hartin,Consuelo Pendlington,cpendlington4i@edu.com,1.2,2021-1
779,Redes e Infraestructura,4,Clari Szymoni,Consalve Simeoli,csimeolifx@edu.com,0.3,2022-3
780,Inteligencia Artificial,2,Edith Foro,Dayle Lippiello,dlippiello34@edu.com,1.5,2023-1
781,Matematicas Fundamentales,4,Horacio Suermeier,Simon Rubenov,srubenov2x@edu.com,3.9,2023-3
782,Calculo 1,2,Neel Irlam,Colin Vautrey,cvautrey8t@edu.com,4.1,2023-1
783,Ingles 2,4,Payton Greig,Asa Iacopetti,aiacopetti5l@edu.com,4.2,2023-3
784,Redes e Infraestructura,2,Babara Allsupp,Jenilee Padkin,jpadkin1o@edu.com,0.1,2022-3
785,Ingles 4,2,Franchot Jorden,Liesa Ferencowicz,lferencowicz8e@edu.com,3.0,2022-1
786,Almacenamiento de Datos,3,Johan Learmond,Niven Bolderoe,nbolderoe32@edu.com,4.6,2021-3
787,Formacion Ciudadana I : Identidades y Pluralismo,3,Korry Meckiff,Rosana Steart,rsteartt@edu.com,3.2,2022-3
788,Sistemas Operativos,1,Lara Entwistle,Shelton Chevalier,schevalier93@edu.com,0.3,2021-1
789,Logica y Matematica Discreta,2,Chelsea Robard,Vanessa Closs,vclossgn@edu.com,0.7,2022-1
790,Electiva Profesional 3,5,Verile Summerell,Ferd Backwell,fbackwelld0@edu.com,3.2,2021-1
791,Comunicacion Oral y Escrita,1,Clari Szymoni,Stanford Pomphrey,spomphreyj1@edu.com,1.8,2022-3
792,Electiva Profesional 4,3,Barbra Cary,Gardiner Haddy,ghaddydh@edu.com,0.4,2023-1
793,Ingles 4,2,Nevile Openshaw,Raquela Dimmack,rdimmack6w@edu.com,0.1,2024-1
794,Seguridad de la informacion,2,Florance Simoens,Ronna Guilaem,rguilaem3f@edu.com,0.7,2022-3
795,Electiva Profesional 2,3,Griz Ovens,Merline Mordaunt,mmordaunt3y@edu.com,2.4,2023-3
796,Electiva Profesional 3,4,Libby Silveston,Monti Yoselevitch,myoselevitch18@edu.com,3.0,2023-1
797,Ingles 4,1,Roy Shawyer,Nickie Kneaphsey,nkneaphseydp@edu.com,3.7,2021-3
798,Electiva de Lectura y Escritura,3,Del Gayton,Noe Nickolls,nnickollsh3@edu.com,1.3,2022-3
799,Ingles 2,2,Johan Learmond,Jozef Swalteridge,jswalteridgec8@edu.com,3.9,2023-1
800,Seguridad de la informacion,2,Kissiah MacMorland,Everett Haycraft,ehaycraft17@edu.com,2.1,2022-3
801,Analitica de Datos,4,Amby Smaile,Tonnie Panketh,tpanketheo@edu.com,2.6,2023-3
802,Logica y Matematica Discreta,3,Pen Withrop,Anastassia Chalfain,achalfain53@edu.com,0.2,2022-3
803,Almacenamiento de Datos,4,Isabelle Leas,Malachi Grigoliis,mgrigoliis99@edu.com,3.9,2021-3
804,Estadistica y Probabilidad II,5,Florance Simoens,Debby Thow,dthow22@edu.com,1.3,2021-1
805,ETL (Extraccion Transformacion y Carga),1,Alexandre Alvy,Bruno Russe,brusse4r@edu.com,1.4,2021-3
806,Logica y Matematica Discreta,1,Zachery Charley,Goddard Klesse,gklesseap@edu.com,2.9,2023-1
807,Algebra Lineal,1,Raimundo Lonsdale,Cleo Lambertini,clambertini7q@edu.com,2.1,2022-1
808,Electiva Profesional 3,3,Paxon Helleckas,Gery Davidi,gdavidi1h@edu.com,3.1,2022-1
809,Programacion,2,Jillayne Way,Alessandro Louca,alouca8s@edu.com,2.1,2024-1
810,Inteligencia Artificial,2,Brande Doonican,Risa Aspray,raspray9n@edu.com,3.2,2023-1
811,Almacenamiento de Datos,4,Tabitha Edgcombe,Llywellyn Seide,lseidehg@edu.com,4.3,2023-3
812,Comunicacion Oral y Escrita,1,Tanitansy Dwine,Abrahan Gabbett,agabbettc9@edu.com,2.4,2021-1
813,Electiva Profesional 3,1,Dell Aughton,Page Karpenya,pkarpenya9o@edu.com,0.9,2024-1
814,Innovacion y Emprendimiento,1,Wandis Woodruffe,Garland Woodworth,gwoodworthea@edu.com,2.1,2024-1
815,Electiva Profesional I,3,Sibeal Thunnercliffe,Caesar Mattek,cmattekfu@edu.com,2.2,2022-1
816,Ingles 3,3,Clem Branni,Tades Playle,tplayle9p@edu.com,1.8,2024-1
817,Ingles 5,3,Tessy Jachimczak,Case Frantzen,cfrantzenhz@edu.com,3.5,2024-1
818,Comunicacion Oral y Escrita,2,Fulvia Gravells,Bordy Jindra,bjindrahv@edu.com,3.6,2023-1
819,Logica y Matematica Discreta,5,Jerrome Chafer,Smitty Eastham,seasthamho@edu.com,1.4,2023-3
820,ETL (Extraccion Transformacion y Carga),5,Alexandre Alvy,Doro Sames,dsames4w@edu.com,2.4,2023-3
821,Innovacion y Emprendimiento,2,Karisa Upshall,Kylie Minshall,kminshall3a@edu.com,2.6,2023-3
822,Formacion Ciudadana II: Sociedad y Estado,4,Craggy Ensor,Inez Durbyn,idurbyngi@edu.com,3.5,2023-3
823,Calculo 2,1,Neron de Wilde,Tove Rollin,trollin65@edu.com,1.4,2023-1
824,Estadistica y Probabilidad II,3,Reeba Speaks,Rickert Andriessen,randriessen6k@edu.com,2.0,2022-3
825,Almacenamiento de Datos,3,Bernadene Habergham,Sinclare Lenchenko,slenchenkojf@edu.com,0.7,2022-3
826,Innovacion y Emprendimiento,3,Whitman Laurent,Kareem Disbury,kdisburyas@edu.com,0.6,2023-3
827,Innovacion y Emprendimiento,2,Garv Forde,Hilda Cotesford,hcotesford8c@edu.com,2.6,2023-3
828,Calculo 1,2,Bernette Binion,Claiborn Salmons,csalmons29@edu.com,0.3,2022-1
829,Redes e Infraestructura,3,Mary Birtonshaw,Penelopa Simek,psimekii@edu.com,4.6,2022-3
830,Calculo 2,4,Tresa Derham,Veradis Gonzalo,vgonzaloiq@edu.com,2.4,2023-3
831,Ingles 4,5,Reynold Wolstencroft,Julian Dorracott,jdorracottis@edu.com,3.7,2023-1
832,Calculo 2,2,Sherie Edmons,Corissa Esler,ceslergj@edu.com,3.8,2021-3
833,Innovacion y Emprendimiento,1,Farlie Palatino,Leicester Hollyar,lhollyarp@edu.com,3.1,2021-1
834,Electiva de Lectura y Escritura,2,Libby Silveston,Atalanta Tramel,atramelj9@edu.com,3.7,2023-3
835,Comunicacion Oral y Escrita,2,Shawn Couronne,Staffard Odeson,sodeson1@edu.com,2.1,2023-1
836,Calculo 1,1,Tabbitha Brealey,Christin Cotterrill,ccotterrill8g@edu.com,1.8,2024-1
837,Comunicacion Oral y Escrita,2,Dav Neal,Tabbatha Smye,tsmye9w@edu.com,0.2,2021-1
838,Ingles 4,5,Hobey Karlowicz,Steffane Ransome,sransomeiz@edu.com,0.8,2021-3
839,Formacion Ciudadana II: Sociedad y Estado,3,Bridgette O' Hanvey,Ranice Squirrell,rsquirrelldm@edu.com,2.2,2022-1
840,Formacion Ciudadana III: Paz y Convivencia,3,Teodoro Giorgeschi,Sari Biset,sbisetif@edu.com,2.7,2021-1
841,Formacion Ciudadana III: Paz y Convivencia,1,Waldemar Tandey,Leicester Hollyar,lhollyarp@edu.com,2.1,2021-3
842,Seminario de Ing. de Datos e I.A.,1,Sibeal Thunnercliffe,Wallie Barry,wbarryg5@edu.com,1.0,2022-1
843,Electiva Profesional 2,4,Theda Petrazzi,Caesar Mattek,cmattekfu@edu.com,2.9,2022-1
844,Analitica de Datos,2,Berke Patzelt,Gwenore Rowland,growlandf@edu.com,2.8,2023-1
845,Programacion,5,Waldemar Tandey,Corissa Esler,ceslergj@edu.com,2.0,2022-3
846,Legislacion y etica en el manejo de datos,5,Falkner Brettell,Sherwood Iddiens,siddiens4g@edu.com,2.3,2024-1
847,Ingles 3,1,Rick O' Hern,Daphna Battle,dbattle6t@edu.com,2.9,2023-1
848,Formacion Ciudadana III: Paz y Convivencia,3,Nalani Jeacock,Hew Tanfield,htanfield48@edu.com,4.6,2021-3
849,Inteligencia Artificial,5,Raymund Fominov,Baron Skerman,bskerman6x@edu.com,0.2,2021-1
850,Electiva Libre I,2,Franchot Jorden,Florie Stollmeier,fstollmeier9h@edu.com,3.9,2022-1
851,Electiva Profesional 5,4,Obediah Worland,Dene Matveichev,dmatveichevdg@edu.com,3.1,2024-1
852,Calculo 2,2,Tabby Odby,Linda Chalder,lchalder7v@edu.com,2.7,2024-1
853,Ingles 1,2,Gib Peachman,Shelli Perassi,sperassi46@edu.com,0.9,2021-3
854,Formacion Ciudadana I : Identidades y Pluralismo,5,Hobey Karlowicz,Onofredo Duferie,oduferie5t@edu.com,1.7,2022-1
855,Formacion Ciudadana I : Identidades y Pluralismo,2,Bridgette O' Hanvey,Daphna Battle,dbattle6t@edu.com,1.0,2023-3
856,Introduccion a la Ingenieria de Datos e Inteligencia Artificial,2,Neel Irlam,Helen-elizabeth Greatbach,hgreatbachg6@edu.com,3.4,2023-1
857,Ingles 2,1,Lulu Harvie,Jeniece Sinnett,jsinnett1j@edu.com,4.7,2023-3
858,Almacenamiento de Datos,3,Carita Grandin,Gaylord Mariyushkin,gmariyushkinc6@edu.com,2.6,2022-3
859,Electiva Profesional 4,5,Verine Pemble,Nels Ludgrove,nludgrove1a@edu.com,0.5,2022-3
860,Electiva Profesional 4,2,Sibeal Thunnercliffe,Caterina Durbyn,cdurbyndk@edu.com,2.0,2022-1
861,Algebra Lineal,1,Duane Hulburt,Pietra Keenor,pkeenorca@edu.com,0.6,2023-3
862,Electiva Profesional 5,5,Hobey Karlowicz,Emiline Glanister,eglanister8j@edu.com,3.8,2021-3
863,Estadistica y Probabilidad II,4,Trenton Glyne,Bella Ailmer,bailmer4c@edu.com,1.9,2021-1
864,Electiva de Lectura y Escritura,3,Verile Summerell,Farah Mattacks,fmattackshd@edu.com,4.6,2024-1
865,Formacion Ciudadana I : Identidades y Pluralismo,4,Roy Shawyer,Modestine Dobell,mdobellf2@edu.com,1.1,2022-1
866,Electiva Libre I,4,Tabby Odby,Olivero Withur,owithur2@edu.com,2.1,2022-3
867,Comunicacion Oral y Escrita,2,Lenka Do Rosario,Homer Veivers,hveivers51@edu.com,2.1,2023-3
868,Comunicacion Oral y Escrita,1,Chet Keam,Paulie Kruse,pkrusefc@edu.com,4.4,2024-1
869,Programacion,1,Waring Blenkensop,Neely Binton,nbinton3h@edu.com,1.9,2023-1
870,Legislacion y etica en el manejo de datos,2,Carmel Chappelow,Kelli Dipple,kdipple7p@edu.com,2.2,2021-3
871,Formacion Ciudadana I : Identidades y Pluralismo,2,Teodoro Giorgeschi,Byrann felip,bfelipeb@edu.com,0.8,2022-3
872,Ingles 2,1,Rebekkah Mayfield,Drusilla Belone,dbelonebs@edu.com,0.2,2022-1
873,Sistemas Operativos,3,Johan Learmond,Robinet Nendick,rnendick1i@edu.com,2.3,2024-1
874,ETL (Extraccion Transformacion y Carga),5,Claudian Plews,Noe Vakhrushev,nvakhrushevgh@edu.com,4.0,2021-3
875,Matematicas Fundamentales,5,Neel Irlam,Bartolomeo Kendrick,bkendrickc3@edu.com,4.3,2023-3
876,Seguridad de la informacion,1,Giffard Drought,Kat McLeman,kmcleman2d@edu.com,2.5,2023-1
877,Inteligencia Artificial,5,Melba O'Leary,Mathilde Clearie,mclearieeq@edu.com,2.0,2021-1
878,Calculo 1,1,Christy Brodeau,Sande Drohane,sdrohanea4@edu.com,2.3,2021-1
879,Electiva Profesional 3,3,Rudd Giff,Clara Cuerda,ccuerda2q@edu.com,3.4,2021-3
880,Matematicas Fundamentales,5,Adi Stithe,Warden Tremellier,wtremellier4t@edu.com,2.4,2023-3
881,Ingles 1,2,Kimbra Duchateau,Archambault Bethel,abethel2t@edu.com,4.9,2021-3
882,Ingles 1,4,Annabal Riseam,Dolly de Tocqueville,ddeic@edu.com,0.5,2022-1
883,Administracion para Ingenieros,1,Nickie Gianasi,Sisely Shambroke,sshambroke9@edu.com,3.0,2023-1
884,Logica y Matematica Discreta,5,Hamlen Bande,Aubine Baty,abatyg4@edu.com,1.2,2022-3
885,Logica y Matematica Discreta,5,Langsdon Oakman,Aubry Muscat,amuscate2@edu.com,4.9,2022-3
886,Seguridad de la informacion,2,Hobey Karlowicz,Tammy Hicks,thicks4o@edu.com,0.1,2022-1
887,Electiva de Ciencias Sociales,3,Isabelle Leas,Daveen Degue,ddeguei0@edu.com,3.3,2024-1
888,Formacion Ciudadana III: Paz y Convivencia,4,Vidovik Landall,Von Wixey,vwixey89@edu.com,3.5,2021-1
889,Ingles 1,5,Reeba Speaks,Meggie Maltby,mmaltbygv@edu.com,4.0,2021-1
890,Administracion para Ingenieros,4,Levon Gouth,Mollee Schottli,mschottlifs@edu.com,1.7,2023-1
891,Electiva Profesional 5,1,Florina Sandlin,Effie Girardey,egirardey3t@edu.com,1.2,2024-1
892,Ingles 1,3,Rebekkah Mayfield,Rafferty Skeen,rskeeneg@edu.com,4.0,2022-1
893,Analitica de Datos,2,Kent Giddons,Duky Reason,dreasonk@edu.com,1.6,2024-1
894,Seminario de Ing. de Datos e I.A.,2,Kissee Giovani,Minni Heathfield,mheathfieldfh@edu.com,3.5,2023-1
895,Administracion para Ingenieros,2,Brande Doonican,Gisele Ganiford,gganiforddy@edu.com,0.3,2024-1
896,Calculo 2,2,Dell Catmull,Trudey Purchall,tpurchall55@edu.com,3.5,2023-3
897,Electiva de Lectura y Escritura,5,Bartholemy Pavese,Kareem Gehrels,kgehrels7t@edu.com,1.7,2022-1
898,Introduccion a la Ingenieria de Datos e Inteligencia Artificial,1,Barri Skipsea,Caroline Degli Antoni,cdegli1r@edu.com,4.6,2023-3
899,Seminario de Ing. de Datos e I.A.,1,Kent Giddons,Gwenni Clevely,gclevely2c@edu.com,2.6,2024-1
900,Ingenieria y Sostenibilidad,4,Webb Toler,Constantia Minelli,cminellih7@edu.com,2.0,2023-3
901,ETL (Extraccion Transformacion y Carga),4,Abdul Portress,Dixie Cinnamond,dcinnamondcu@edu.com,2.2,2024-1
902,Calculo 2,5,Genevieve Reijmers,Addie Wivell,awivellg7@edu.com,2.9,2021-3
903,Seguridad de la informacion,2,Chet Keam,Domenico Evemy,devemy2m@edu.com,0.7,2022-1
904,Electiva Profesional 3,1,Barbra Cary,Valeria Southernwood,vsouthernwood8m@edu.com,2.8,2022-3
905,Electiva de Ciencias Sociales,5,Melinda Stancliffe,Rea Stollman,rstollman8b@edu.com,1.4,2021-1
906,Formacion Ciudadana III: Paz y Convivencia,5,Nathan Friedank,Bone Sacaze,bsacaze7z@edu.com,3.0,2023-3
907,Ingles 5,2,Fayette Laville,Lotti Baggaley,lbaggaley11@edu.com,2.0,2021-1
908,Ingles 2,3,Albina Tiffin,Dillon Olennikov,dolennikovj2@edu.com,3.1,2022-3
909,Calculo 1,4,Welbie Mc Harg,Rozele Pegram,rpegram6u@edu.com,3.7,2023-1
910,Estadistica y Probabilidad I,1,Rick O' Hern,Eadmund Dabernott,edabernott2v@edu.com,2.0,2021-1
911,Ingenieria y Sostenibilidad,2,Nickolaus Christoffe,Burg Mintrim,bmintrimgp@edu.com,3.3,2024-1
912,Electiva Profesional 5,3,Libby Silveston,Smith Barrass,sbarrass2u@edu.com,1.9,2022-3
913,Electiva Profesional 4,2,Cosetta Cornely,Myrta Prettyman,mprettymands@edu.com,4.1,2024-1
914,Analitica de Datos,1,Christa Buck,Bartolomeo Kendrick,bkendrickc3@edu.com,1.9,2021-1
915,Redes e Infraestructura,1,Dav Neal,Dela Footitt,dfootittip@edu.com,1.4,2022-3
916,Seminario de Ing. de Datos e I.A.,3,Michelina Perkins,Aime Baccas,abaccas4z@edu.com,4.3,2022-3
917,Analitica de Datos,3,Rani Aslen,Fitz Pracy,fpracyd4@edu.com,4.3,2022-3
918,Legislacion y etica en el manejo de datos,2,Shawn Couronne,Alden Gellion,agellioncy@edu.com,2.8,2024-1
919,Ingenieria y Sostenibilidad,5,Glenn Pawlicki,Karol Caudell,kcaudellf0@edu.com,0.4,2022-3
920,Programacion,4,Glenn Pawlicki,Elisha Dilrew,edilrewiy@edu.com,0.9,2022-3
921,Ingles 4,1,Durante Gartside,Sashenka Blacklock,sblacklock85@edu.com,1.2,2023-1
922,Sistemas Operativos,3,Charlotta Tatnell,Timmy Sigg,tsiggep@edu.com,2.8,2021-3
923,Ingles 4,1,Marthena Bearman,Christin Cotterrill,ccotterrill8g@edu.com,1.2,2023-3
924,Estadistica y Probabilidad I,5,Suzette Paley,Bradan Trencher,btrencher15@edu.com,1.6,2022-3
925,Ingles 2,4,Christa Buck,Kinsley Southern,ksouthernid@edu.com,3.8,2023-1
926,Electiva Profesional 3,5,Jerrome Chafer,Aidan Von Salzberg,avon1b@edu.com,1.5,2021-3
927,Electiva Profesional 3,3,Webb Toler,Sarajane McMichell,smcmichelle8@edu.com,1.8,2023-3
928,Comunicacion Oral y Escrita,1,Florance Simoens,Cayla Tookey,ctookeyn@edu.com,0.6,2023-3
929,Matematicas Fundamentales,5,Langsdon Oakman,Kareem Gehrels,kgehrels7t@edu.com,1.5,2021-3
930,Introduccion a la Ingenieria de Datos e Inteligencia Artificial,3,Elaina Baumler,Bren Carabine,bcarabine38@edu.com,0.7,2021-1
931,Seminario de Ing. de Datos e I.A.,1,Brear Trussell,Gregg Lelievre,glelievre7x@edu.com,1.5,2023-1
932,Analitica de Datos,3,Trenton Glyne,Faustina Swanton,fswantonha@edu.com,1.9,2023-3
933,Formacion Ciudadana II: Sociedad y Estado,3,Cornie Renneke,Barby Folk,bfolk71@edu.com,3.2,2023-3
934,Ingles 2,2,Nonna Nutton,Kaiser Gowenlock,kgowenlock6@edu.com,4.6,2024-1
935,Formacion Ciudadana I : Identidades y Pluralismo,5,Bartholemy Pavese,Consuelo Pendlington,cpendlington4i@edu.com,1.8,2023-3
936,Redes e Infraestructura,4,Rosalinde Warbey,Teddi Fellibrand,tfellibrand52@edu.com,4.3,2023-1
937,Redes e Infraestructura,4,Yolane Ulrik,Alonso Chelsom,achelsomir@edu.com,2.7,2023-1
938,Algebra Lineal,3,Amby Smaile,Collie Alecock,calecockd2@edu.com,0.5,2022-3
939,Estadistica y Probabilidad I,2,Alethea Adcocks,Horst Dowling,hdowling1x@edu.com,1.0,2024-1
940,Seguridad de la informacion,4,Rozina Yurocjkin,Opal Phoebe,ophoebehc@edu.com,0.6,2022-3
941,Seguridad de la informacion,3,Trenton Glyne,Wake Deppen,wdeppen9c@edu.com,4.9,2021-3
942,Electiva Profesional 3,2,Hollyanne Macconaghy,Angele McEnery,amceneryja@edu.com,0.1,2023-3
943,Electiva Profesional 2,3,Rivkah Pittham,Morgan Riolfi,mriolfi24@edu.com,4.3,2024-1
944,ETL (Extraccion Transformacion y Carga),1,Tomkin McCart,Colene Beston,cbeston8w@edu.com,0.5,2022-3
945,Legislacion y etica en el manejo de datos,3,Bernette Binion,Kevina Milbourn,kmilbourniv@edu.com,1.9,2022-1
946,Programacion,2,Barri Skipsea,Robinson Kleiser,rkleiser2z@edu.com,4.6,2024-1
947,Comunicacion Oral y Escrita,4,Kellyann Witherow,Rock Goby,rgoby5o@edu.com,1.3,2023-3
948,Electiva Profesional 5,1,Bartholemy Pavese,Gunther McCart,gmccartce@edu.com,0.0,2022-1
949,Electiva Profesional 3,1,Gawen Ostick,Aeriel Iremonger,airemonger6q@edu.com,0.9,2023-1
950,Electiva Profesional I,2,Shelley Imlach,Bo Enric,benric1q@edu.com,3.2,2023-3
951,Programacion,2,Germaine Nary,Cesya Byles,cbyleshy@edu.com,0.8,2024-1
952,ETL (Extraccion Transformacion y Carga),1,Waring Blenkensop,Carissa Pero,cpero69@edu.com,1.2,2023-1
953,Ingles 3,5,Anissa Fishbie,Carter Coldtart,ccoldtartg8@edu.com,2.5,2024-1
954,Electiva Profesional 4,3,Duane Hulburt,Berkie Goodere,bgoodered9@edu.com,2.9,2021-3
955,Estadistica y Probabilidad I,3,Lenka Do Rosario,Shena Sennett,ssennett9u@edu.com,1.5,2021-1
956,Electiva de Lectura y Escritura,2,Pen Withrop,Ethyl Simak,esimakfk@edu.com,0.3,2022-3
957,Redes e Infraestructura,3,Lauralee Grafhom,Genovera Favey,gfavey31@edu.com,2.7,2023-3
958,Calculo 1,3,Elisabet Filippo,Halley McCahill,hmccahillel@edu.com,2.5,2022-3
959,Calculo 1,2,Pat Sollam,Baron Skerman,bskerman6x@edu.com,0.5,2023-3
960,Calculo 1,2,Lauralee Grafhom,Gina Hincks,ghincks7f@edu.com,1.2,2022-3
961,Matematicas Fundamentales,2,Tessy Jachimczak,Garfield Bastie,gbastie90@edu.com,1.7,2023-3
962,Electiva Profesional 5,1,Waldemar Tandey,Kirstin Strathearn,kstrathearnil@edu.com,4.0,2022-3
963,Electiva Profesional 4,2,Piper Sieghard,Timmy Sigg,tsiggep@edu.com,2.0,2023-3
964,Electiva Profesional 4,1,Kimbra Duchateau,Bonita Cholwell,bcholwell91@edu.com,0.4,2021-3
965,Electiva de Lectura y Escritura,1,Phaedra Spatoni,Vanny Dumbleton,vdumbletonim@edu.com,2.4,2024-1
966,Formacion Ciudadana II: Sociedad y Estado,2,Kimbra Duchateau,Neely Binton,nbinton3h@edu.com,0.4,2021-3
967,Electiva Profesional 3,1,Nickolaus Christoffe,Noe Sibley,nsibley82@edu.com,2.2,2023-3
968,Administracion para Ingenieros,1,Mary Birtonshaw,Celka McGebenay,cmcgebenaydi@edu.com,4.3,2022-3
969,Programacion,1,Libby Silveston,Alberik Duckfield,aduckfieldcl@edu.com,3.1,2021-3
970,Redes e Infraestructura,4,Piper Sieghard,Paulo Hanselmann,phanselmann3u@edu.com,4.6,2023-1
971,Algebra Lineal,2,Kathy Hake,Marabel Quakley,mquakley36@edu.com,1.0,2023-1
972,Sistemas Operativos,5,Brear Trussell,Johnny Mellmoth,jmellmothbg@edu.com,3.0,2021-1
973,Comunicacion Oral y Escrita,3,Roy Shawyer,Johnnie Vannoni,jvannonia7@edu.com,3.3,2022-1
974,Estadistica y Probabilidad II,2,Sibeal Thunnercliffe,Giselbert Whacket,gwhacket3p@edu.com,3.4,2023-1
975,Ingles 3,4,Dido Vedeneev,Jay Cumberbatch,jcumberbatchfi@edu.com,2.5,2023-3
976,Formacion Ciudadana II: Sociedad y Estado,3,Smith Cupitt,Lind Mudge,lmudgeh2@edu.com,4.6,2021-3
977,Inteligencia Artificial,5,Hyacinth Matkovic,Gaylord Mariyushkin,gmariyushkinc6@edu.com,1.6,2022-1
978,Analitica de Datos,4,Welbie Mc Harg,Patten Tunesi,ptunesiia@edu.com,4.7,2022-1
979,Electiva Profesional I,2,Mary Birtonshaw,Tucker Streatley,tstreatley4p@edu.com,1.0,2023-1
980,Electiva de Ciencias Sociales,1,Lorrie Winborn,Pandora Ritchie,pritchiecf@edu.com,2.5,2022-1
981,Electiva Profesional 2,4,Claudian Plews,Tomas Garm,tgarmcr@edu.com,0.3,2022-3
982,Algebra Lineal,1,Roy Shawyer,Durante Shoutt,dshoutt3o@edu.com,2.1,2022-1
983,Electiva de Ciencias Sociales,5,Levon Gouth,Faydra Crier,fcrier5a@edu.com,1.2,2023-1
984,Estadistica y Probabilidad I,3,Nevile Openshaw,Valeria Southernwood,vsouthernwood8m@edu.com,4.8,2024-1
985,Estadistica y Probabilidad II,5,Clari Szymoni,Hatti Gurwood,hgurwoodgb@edu.com,4.2,2021-3
986,Sistemas Operativos,4,Martin Coldman,Libbey Vannozzii,lvannozzii3c@edu.com,4.5,2021-3
987,Ingles 2,2,Bridgette O' Hanvey,Amye Berard,aberard78@edu.com,1.4,2022-1
988,Introduccion a la Ingenieria de Datos e Inteligencia Artificial,1,Sisile Raspin,Aidan Luparto,alupartohm@edu.com,3.8,2021-3
989,Seguridad de la informacion,2,Christa Buck,Ros Claxson,rclaxson79@edu.com,4.8,2023-1
990,Electiva de Lectura y Escritura,1,Violante Hartin,Elfie Parzizek,eparzizekb2@edu.com,4.2,2021-3
991,Ingles 2,2,Duane Hulburt,Vanny Dumbleton,vdumbletonim@edu.com,2.2,2023-3
992,Ingles 1,4,Jillayne Way,Cale Bwy,cbwyff@edu.com,0.7,2024-1
993,ETL (Extraccion Transformacion y Carga),4,Welbie Mc Harg,Elfie Antoniou,eantoniouj3@edu.com,0.8,2021-3
994,Sistemas Operativos,3,Clem Branni,Sibylla Quartley,squartleyj6@edu.com,1.8,2022-3
995,Redes e Infraestructura,2,Kissiah MacMorland,Basilio Reape,breapegx@edu.com,4.8,2024-1
996,Ingles 4,2,Bernette Binion,Mariele Weetch,mweetch7h@edu.com,0.9,2022-1
997,Sistemas Operativos,4,Lorrie Winborn,Norah Ferrarotti,nferrarottihi@edu.com,1.5,2022-1
998,Calculo 2,3,Carmel Chappelow,Woody Alderton,walderton7n@edu.com,1.9,2023-1
999,Innovacion y Emprendimiento,5,Duane Hulburt,Malory Shurlock,mshurlock1g@edu.com,1.6,2021-3
1000,Programacion,4,Amby Smaile,Cos Brazenor,cbrazenor5f@edu.com,4.8,2021-3
