usuario,contrasena,nombre,correo,paisOrigen,necesidadesEspecialesEducacion,genero,estadoCivil,prestamo,beca,desplazado,totalCreditos
mlovering0,xW7@yRl<5{&@2pLg,Mattias Lovering,mlovering0@edu.com,Malaysia,si,Masculino,Casado,no,no,no,0
sbartosik1,wF1\7&T!X.r=v#2W,Saundra Bartosik,sbartosik1@edu.com,China,no,Femenino,Casado,si,no,no,0
bbattison2,vU17EmE7/,Brigitte Battison,bbattison2@edu.com,France,no,Femenino,Divorciado,no,no,si,0
ekoba3,fK1D$9MYY52ySH,Emelita Koba,ekoba3@edu.com,Indonesia,si,Otro,Divorciado,si,si,no,0
cmcelwee4,pL1$_y`Nl%,Carney McElwee,cmcelwee4@edu.com,Philippines,si,Masculino,Casado,si,no,si,0
jstait5,pZ1Wfu*3n3y0F,Jesselyn Stait,jstait5@edu.com,Italy,no,Masculino,Soltero,si,no,no,0
abrambell6,yD1B}Lz5=LVViqMu,Ara Brambell,abrambell6@edu.com,Vietnam,si,Masculino,Casado,no,si,si,0
kmahmood7,aL2Ye|H{j0`,Kylie Mahmood,kmahmood7@edu.com,Brazil,no,Femenino,Divorciado,no,si,no,0
uellington8,eZ29q)=v.)yq9,Udell Ellington,uellington8@edu.com,Indonesia,si,Masculino,Union libre,si,no,no,0
bbachelar9,jB5uL+~qdq#*@5uV,Britte Bachelar,bbachelar9@edu.com,Indonesia,no,Otro,Soltero,si,si,no,0
fterlindena,nU6<_rA@,Filippa Terlinden,fterlindena@edu.com,China,no,Masculino,Casado,no,si,no,0
umquhargeb,hO4Ccs9h~G,Ugo M'Quharge,umquhargeb@edu.com,China,no,Femenino,Viudo,no,no,si,0
ugibardc,jD0|<zfaGZ*,Ugo Gibard,ugibardc@edu.com,Indonesia,no,Masculino,Soltero,si,si,si,0
bstebbingd,gU9V?vvk3@0,Binnie Stebbing,bstebbingd@edu.com,Azerbaijan,si,Otro,Soltero,si,si,si,0
tanneare,gG25w|@5?88j,Theo Annear,tanneare@edu.com,Italy,no,Masculino,Casado,no,si,si,0
jecclesharef,"hN4s*S~r""VZz`z1.",Janek Eccleshare,jecclesharef@edu.com,Dominican Republic,no,Femenino,Union libre,no,no,si,0
ghussellg,iC10g!CWGF@,Gilberta Hussell,ghussellg@edu.com,China,no,Masculino,Soltero,no,no,no,0
gstoylesh,"vB5T#sN4a""r?\",Garrard Stoyles,gstoylesh@edu.com,Brazil,no,Femenino,Viudo,si,no,si,0
afrancklyni,nU9M2XU&y,Arabelle Francklyn,afrancklyni@edu.com,Sweden,no,Masculino,Viudo,si,si,no,0
unardonij,eE1D\8Rgkq=njWH3,Ursuline Nardoni,unardonij@edu.com,China,no,Otro,Union libre,si,no,si,0
pwoodsk,vM6<$'?b?~m>Gd&,Portie Woods,pwoodsk@edu.com,Brazil,no,Femenino,Viudo,si,si,no,0
qconnettl,vL97KHpznNtszbcO,Quintina Connett,qconnettl@edu.com,Poland,si,Otro,Divorciado,no,si,no,0
vgoublierm,"lD95@5,.3sMhJ",Vallie Goublier,vgoublierm@edu.com,China,no,Masculino,Viudo,no,si,si,0
jleitchen,tV0qA\E\)W{n7,Josi Leitche,jleitchen@edu.com,China,si,Femenino,Divorciado,si,si,no,0
jscraceo,sA1/n?2E5#J,Jodee Scrace,jscraceo@edu.com,Mongolia,no,Otro,Casado,no,si,si,0
ggodinp,cM5x9pxr1S,Ginger Godin,ggodinp@edu.com,Philippines,si,Otro,Casado,si,no,si,0
bhovyq,eA9l@$FVG,Bernadene Hovy,bhovyq@edu.com,Indonesia,si,Masculino,Viudo,no,si,si,0
vfrendr,bW2D1G@EugQH6,Valle Frend,vfrendr@edu.com,China,no,Masculino,Union libre,si,no,si,0
mlivards,sT1`+x9\QL/+s,Marietta Livard,mlivards@edu.com,Sweden,si,Femenino,Casado,no,si,si,0
mpreont,hW0bba2v!C,Monika Preon,mpreont@edu.com,Iran,no,Otro,Union libre,si,no,no,0
ksexceyu,vU79uAwB,Kalina Sexcey,ksexceyu@edu.com,Ivory Coast,no,Masculino,Soltero,si,si,si,0
cyglesiav,yF8p\z=8D,Claybourne Yglesia,cyglesiav@edu.com,China,no,Otro,Union libre,si,no,si,0
lballachw,oR1!t1ge6Tsq1,Lidia Ballach,lballachw@edu.com,Sweden,no,Femenino,Union libre,no,no,si,0
wscowenx,xO6.wvb1%f=go,Waldon Scowen,wscowenx@edu.com,Philippines,si,Otro,Casado,si,si,si,0
fewolsy,mJ6qHIw8e*rUN,Forrester Ewols,fewolsy@edu.com,Indonesia,si,Masculino,Union libre,si,no,no,0
ppoolyz,qA3P/EQEn3n.ih,Pepe Pooly,ppoolyz@edu.com,Senegal,si,Otro,Viudo,no,si,si,0
hgettone10,"kG5)t,}M"".H'u",Harmonia Gettone,hgettone10@edu.com,Costa Rica,no,Femenino,Soltero,si,no,no,0
fharroway11,kB6~lQ'4Vb,Fletcher Harroway,fharroway11@edu.com,China,no,Femenino,Soltero,si,no,si,0
amacinherney12,sF3CGe=`&TWPU7,Adiana MacInherney,amacinherney12@edu.com,China,si,Femenino,Casado,si,si,no,0
mpigney13,nD7bq%_1q,Maxy Pigney,mpigney13@edu.com,Peru,no,Femenino,Soltero,no,si,no,0
mowens14,sY8.ydM*biQ>%,Morgun Owens,mowens14@edu.com,Indonesia,si,Masculino,Union libre,si,si,si,0
cmaddrah15,"hD2{U,""""d=R/\",Cort Maddrah,cmaddrah15@edu.com,Portugal,si,Otro,Viudo,si,si,si,0
smark16,"wD1Ls4BsEdNw,J@q",Sanford Mark,smark16@edu.com,Finland,no,Masculino,Divorciado,si,si,si,0
eandrzejczak17,aJ7M}P5c<1G.=a7,Elli Andrzejczak,eandrzejczak17@edu.com,Vietnam,si,Masculino,Casado,si,no,si,0
cstachini18,"rM6N""WrC@@",Casey Stachini,cstachini18@edu.com,Cuba,si,Otro,Union libre,no,no,si,0
gleed19,zE3v_Rs@!3a+OwD,Grace Leed,gleed19@edu.com,China,no,Masculino,Viudo,no,no,si,0
jjamieson1a,"pZ1Ntfrs/x{""uI=S",Jake Jamieson,jjamieson1a@edu.com,Peru,si,Masculino,Casado,si,no,si,0
bmouser1b,cB6w_FM$cAE|Z,Beulah Mouser,bmouser1b@edu.com,Guatemala,si,Femenino,Casado,no,si,no,0
dlaux1c,uS4(.y8_CYh8,Demetrius Laux,dlaux1c@edu.com,Papua New Guinea,si,Otro,Soltero,no,si,si,0
lhansie1d,"pD6lQ8i""G+w""hz",Lammond Hansie,lhansie1d@edu.com,Argentina,si,Femenino,Viudo,no,no,si,0
esmitten1e,rR8+Gd6}hjb,Evyn Smitten,esmitten1e@edu.com,Philippines,no,Masculino,Casado,no,no,si,0
kepgrave1f,nJ6Hk?c&I*9UqJY,Kailey Epgrave,kepgrave1f@edu.com,United States,no,Masculino,Divorciado,si,si,no,0
gkolodziejski1g,zB6`){l'liZq,Gabey Kolodziejski,gkolodziejski1g@edu.com,China,si,Femenino,Viudo,si,no,no,0
sgutowski1h,tU9sZHM?7v@kFF~8,Shaughn Gutowski,sgutowski1h@edu.com,China,no,Otro,Viudo,no,no,no,0
blytle1i,"vU0=yE,5WMBz",Brenden Lytle,blytle1i@edu.com,Brazil,si,Otro,Union libre,no,no,no,0
zroutledge1j,"eN8!>0I5d""/Jg",Zerk Routledge,zroutledge1j@edu.com,Thailand,si,Masculino,Viudo,si,no,no,0
jdignum1k,gV179|.6PeK_yW36,Jeanna Dignum,jdignum1k@edu.com,Portugal,si,Otro,Casado,no,no,si,0
scockin1l,nA3CHeLQ1?=ei,Siobhan Cockin,scockin1l@edu.com,China,si,Masculino,Casado,no,no,si,0
radamovitch1m,nH8qUK7eUWx,Ross Adamovitch,radamovitch1m@edu.com,Palestinian Territory,no,Masculino,Viudo,si,si,no,0
aswann1n,mA4X'@r&=<rO#E+U,Angeli Swann,aswann1n@edu.com,Kazakhstan,si,Masculino,Casado,si,no,si,0
spennycock1o,iK7!3X62f%vs$,Sibilla Pennycock,spennycock1o@edu.com,Indonesia,si,Masculino,Casado,si,no,no,0
hhort1p,fT5}{S<wToJwhUA,Humfried Hort,hhort1p@edu.com,Zimbabwe,si,Otro,Casado,no,si,si,0
kpollington1q,eE0z.nWe&BQ,Kimberly Pollington,kpollington1q@edu.com,Yemen,no,Masculino,Soltero,no,no,si,0
kshimony1r,kI0NfJ|HT,Karita Shimony,kshimony1r@edu.com,Eritrea,no,Masculino,Viudo,no,si,si,0
ebernardos1s,"bH7`I""8h",Edwina Bernardos,ebernardos1s@edu.com,Denmark,si,Femenino,Casado,si,si,si,0
ymynard1t,"vO7<VwJB,tsclVt",Yoko Mynard,ymynard1t@edu.com,China,si,Otro,Viudo,si,si,no,0
sbrignell1u,rK43>q{RomN,Seline Brignell,sbrignell1u@edu.com,Finland,no,Otro,Divorciado,si,no,si,0
dmarlor1v,vH9ip6?x@,Dreddy Marlor,dmarlor1v@edu.com,Bahamas,no,Otro,Divorciado,no,si,si,0
mpawelke1w,jT2i3=$.Pze'o)o},Martelle Pawelke,mpawelke1w@edu.com,Brazil,no,Otro,Divorciado,si,no,no,0
rjacquemy1x,vU3iK'~KMM,Reginauld Jacquemy,rjacquemy1x@edu.com,Ukraine,no,Femenino,Union libre,si,si,si,0
vlettsom1y,dD1+*P=?c,Virginie Lettsom,vlettsom1y@edu.com,France,si,Otro,Soltero,no,no,si,0
sfirmage1z,mW71uyw8,Sal Firmage,sfirmage1z@edu.com,China,no,Otro,Soltero,si,si,si,0
bvedenyakin20,lL7S+('V,Berrie Vedenyakin,bvedenyakin20@edu.com,Australia,no,Otro,Soltero,no,si,si,0
gallmark21,mS1Ol6S04,Goddard Allmark,gallmark21@edu.com,China,si,Otro,Soltero,si,no,si,0
vpryce22,uD2GN{N\n7{V9hv,Vina Pryce,vpryce22@edu.com,China,si,Otro,Divorciado,si,no,si,0
cromanelli23,"gR7If5GQj,e?3li",Correy Romanelli,cromanelli23@edu.com,Russia,si,Femenino,Union libre,no,no,no,0
hcastelot24,yY4dWN<By,Hew Castelot,hcastelot24@edu.com,Serbia,no,Masculino,Divorciado,si,no,no,0
rknowler25,fH8n?lt3$)sx,Riobard Knowler,rknowler25@edu.com,Morocco,si,Masculino,Casado,no,no,no,0
sberthon26,eL97}BO~4G,Sidney Berthon,sberthon26@edu.com,Iran,si,Otro,Union libre,no,si,si,0
cfairpool27,pA8EkF&O_,Codie Fairpool,cfairpool27@edu.com,Nigeria,si,Femenino,Divorciado,si,no,no,0
lpowlett28,"bV3(SC7""}q%U$2p",Leonhard Powlett,lpowlett28@edu.com,Poland,no,Femenino,Union libre,si,si,no,0
wdomesday29,"jS6w""LvX",Weylin Domesday,wdomesday29@edu.com,China,si,Otro,Divorciado,no,si,si,0
amartinek2a,zT6>~VI4\,Andres Martinek,amartinek2a@edu.com,Mongolia,si,Masculino,Casado,si,si,si,0
cmont2b,bZ1*fd5Vi@t,Cynthea Mont,cmont2b@edu.com,Chile,no,Otro,Union libre,si,no,no,0
jdarch2c,nG3AZT(ZX@,Julissa Darch,jdarch2c@edu.com,Philippines,si,Masculino,Union libre,si,si,si,0
ajopke2d,"oV5%,S'P1K5a",Adam Jopke,ajopke2d@edu.com,Brazil,si,Masculino,Divorciado,si,si,si,0
cmcane2e,rV8ztsiRT..4z,Ches McAne,cmcane2e@edu.com,Ukraine,si,Otro,Soltero,no,no,no,0
tlinder2f,eJ8Yll62p!m~K1to,Timmy Linder,tlinder2f@edu.com,Ukraine,si,Femenino,Casado,si,no,si,0
dpawley2g,"bW5R#I,fJ",Drusi Pawley,dpawley2g@edu.com,Indonesia,si,Femenino,Soltero,si,no,si,0
lverlander2h,rG2gn$VgkTAW,Lorianne Verlander,lverlander2h@edu.com,France,no,Otro,Divorciado,no,no,no,0
skamenar2i,vP7)}{mq2sn~MT#,Stefano Kamenar,skamenar2i@edu.com,Thailand,si,Masculino,Soltero,no,no,no,0
lvedenichev2j,oQ0aGdGm&%H%PH=#,Lindsey Vedenichev,lvedenichev2j@edu.com,Indonesia,no,Femenino,Viudo,no,no,no,0
mmatous2k,pD8'`?<=,Mord Matous,mmatous2k@edu.com,Indonesia,si,Femenino,Viudo,si,no,no,0
mtitterton2l,"hC1KW+'.,d""",Mabel Titterton,mtitterton2l@edu.com,Philippines,si,Femenino,Union libre,si,no,no,0
hbetteney2m,eF1+)CfzO,Hewe Betteney,hbetteney2m@edu.com,Indonesia,si,Masculino,Divorciado,no,no,no,0
cpatria2n,tJ4Y2CSUnrDXC>,Cly Patria,cpatria2n@edu.com,Russia,no,Masculino,Union libre,no,no,no,0
mgrzegorzewski2o,"sA8z22cj,,3<",Moritz Grzegorzewski,mgrzegorzewski2o@edu.com,Belize,si,Otro,Union libre,si,no,no,0
kpoxson2p,uS8n>?iVC1SD,Karlis Poxson,kpoxson2p@edu.com,Venezuela,si,Femenino,Casado,no,si,si,0
mselman2q,nW8.d6L/Wb=}yJ,Micheline Selman,mselman2q@edu.com,Cameroon,si,Masculino,Viudo,si,no,no,0
sayer2r,jA8hC)%p\1,Silvan Ayer,sayer2r@edu.com,Thailand,no,Femenino,Viudo,no,si,si,0
adohrmann2s,"fJ9Q@l92an#,9T>?",Aubrie Dohrmann,adohrmann2s@edu.com,Brazil,no,Masculino,Casado,no,no,no,0
edenziloe2t,jP5=Rmdi>_x8@=,Edin Denziloe,edenziloe2t@edu.com,Philippines,si,Femenino,Casado,no,si,si,0
dwynch2u,"nX9""ZRV5f|~=N",Daisy Wynch,dwynch2u@edu.com,Ivory Coast,si,Femenino,Casado,si,no,no,0
mpudner2v,lP9Vz>CT3,Martguerita Pudner,mpudner2v@edu.com,South Africa,no,Otro,Union libre,no,no,no,0
cmcgrah2w,qC0bXxYV.UZ1j9>a,Celina McGrah,cmcgrah2w@edu.com,Brazil,si,Masculino,Viudo,si,si,si,0
aspadazzi2x,pL3c.X2ix5zNZp,Arlie Spadazzi,aspadazzi2x@edu.com,Argentina,no,Otro,Viudo,si,si,si,0
sgriswood2y,eY7ACThLN\,Stearn Griswood,sgriswood2y@edu.com,Czech Republic,no,Masculino,Viudo,si,si,no,0
mstocky2z,kE2%7OEib9{!B,Matthew Stocky,mstocky2z@edu.com,Argentina,si,Femenino,Soltero,si,si,no,0
rvasey30,tW8\LdNwdA#WDW,Ramon Vasey,rvasey30@edu.com,Ukraine,si,Femenino,Union libre,no,si,si,0
thallford31,aO2@)I1M`i{@,Theodosia Hallford,thallford31@edu.com,China,no,Otro,Casado,si,no,no,0
jbreward32,hC0MM_mf~seoD90,Janifer Breward,jbreward32@edu.com,China,no,Femenino,Divorciado,si,si,si,0
dmaasz33,cZ6&cZnf,Dani Maasz,dmaasz33@edu.com,Japan,no,Masculino,Soltero,no,si,si,0
awhittenbury34,iO0(9Uqs=2,Adora Whittenbury,awhittenbury34@edu.com,Sierra Leone,si,Masculino,Soltero,si,si,si,0
edmitrovic35,gH4iJ$j#(K'j5A_5,Emlyn Dmitrovic,edmitrovic35@edu.com,Indonesia,no,Masculino,Union libre,no,no,no,0
alonsbrough36,oR3y73gw)DT!Ur,Arman Lonsbrough,alonsbrough36@edu.com,Mexico,no,Masculino,Viudo,no,si,no,0
zlivsey37,xX5I%X!NYxH,Zilvia Livsey,zlivsey37@edu.com,Poland,si,Otro,Union libre,si,no,no,0
dharvey38,fW6&S9m(.Ttv,Devin Harvey,dharvey38@edu.com,France,si,Otro,Soltero,no,si,no,0
aruppertz39,"kR0""zjQN,",Artur Ruppertz,aruppertz39@edu.com,Brazil,no,Femenino,Casado,si,no,si,0
gdawdary3a,wX5~0/vIV*)p%10,Gannie Dawdary,gdawdary3a@edu.com,France,si,Femenino,Viudo,si,si,si,0
eruzicka3b,gL16\7d'K3lF,Emylee Ruzicka,eruzicka3b@edu.com,Indonesia,si,Femenino,Divorciado,si,si,no,0
cingrem3c,"cF3""RGxsjr|4Oh",Costanza Ingrem,cingrem3c@edu.com,Moldova,no,Femenino,Viudo,no,no,si,0
nconklin3d,cE5d%8TwWBFEy,Nefen Conklin,nconklin3d@edu.com,Vietnam,si,Otro,Viudo,si,si,no,0
bmcwilliams3e,iC92KGN~'/6,Buiron McWilliams,bmcwilliams3e@edu.com,Lesotho,si,Masculino,Soltero,no,no,si,0
dlerwell3f,"eX6""z|GHN/Pp%R",Dorothy Lerwell,dlerwell3f@edu.com,Japan,si,Femenino,Union libre,si,no,no,0
dbandt3g,mY6wa48_yxU,Davy Bandt,dbandt3g@edu.com,France,si,Masculino,Casado,no,no,si,0
rkamall3h,"tK7&DQUfTo""Yu",Raf Kamall,rkamall3h@edu.com,China,no,Otro,Casado,si,no,no,0
olaffling3i,"aW4em).kXc\2b""",Oby Laffling,olaffling3i@edu.com,Benin,no,Masculino,Viudo,no,si,si,0
gmcdermottrow3j,iJ2@DDoE+ZpaNdF=,Georas McDermott-Row,gmcdermottrow3j@edu.com,China,no,Femenino,Viudo,si,no,si,0
jdruitt3k,vK4n2+w?k=7KL,Jessee Druitt,jdruitt3k@edu.com,Serbia,no,Otro,Union libre,si,si,no,0
tcuncliffe3l,zI9>'~tQ@,Tomasina Cuncliffe,tcuncliffe3l@edu.com,Moldova,no,Femenino,Divorciado,no,si,si,0
sdiano3m,cA711b}b\IELOcb,Staci Diano,sdiano3m@edu.com,Indonesia,no,Masculino,Union libre,no,si,si,0
mferrier3n,xX9Zqdu$c%,Marthena Ferrier,mferrier3n@edu.com,United States,no,Otro,Casado,si,no,si,0
gellerton3o,cX5VV6y!,Gwenny Ellerton,gellerton3o@edu.com,Russia,si,Femenino,Union libre,si,si,si,0
ebickerdike3p,dZ5qzB>9?!,Evelyn Bickerdike,ebickerdike3p@edu.com,Israel,no,Masculino,Casado,no,no,si,0
spendall3q,qX3V.#A=Gn.La,Stacia Pendall,spendall3q@edu.com,Russia,si,Otro,Divorciado,si,si,si,0
sebertz3r,xJ0`!I~398o!`TD,Sacha Ebertz,sebertz3r@edu.com,United States,no,Masculino,Viudo,no,no,no,0
jbartolic3s,pT0vs?0<2p,Jehanna Bartolic,jbartolic3s@edu.com,China,si,Otro,Casado,no,no,si,0
fmonni3t,kK9{6__'ZI6qVh,Farra Monni,fmonni3t@edu.com,Kazakhstan,no,Otro,Casado,si,no,no,0
mclink3u,oS7iegvw,Mable Clink,mclink3u@edu.com,Mexico,si,Femenino,Divorciado,si,no,no,0
cjanks3v,vG82_<Ns4Uq(/I5,Coreen Janks,cjanks3v@edu.com,China,si,Otro,Union libre,si,no,si,0
hfodden3w,"zY4zys?{$""\'U=)",Hunter Fodden,hfodden3w@edu.com,Indonesia,si,Femenino,Divorciado,no,si,si,0
mwinnister3x,dK1k7+Z4,Mohandis Winnister,mwinnister3x@edu.com,Czech Republic,no,Otro,Soltero,no,no,no,0
esoans3y,vY3}B'JpP&K7pCKM,Everett Soans,esoans3y@edu.com,Russia,si,Femenino,Divorciado,no,si,si,0
snoddle3z,tH4*+P${%Qh!>n,Shela Noddle,snoddle3z@edu.com,Ireland,si,Masculino,Soltero,no,si,no,0
wshera40,"kE6!B0b""fcjWv",Wendeline Shera,wshera40@edu.com,Norway,si,Masculino,Casado,no,no,no,0
sstollhofer41,fS262<kgb&,Sky Stollhofer,sstollhofer41@edu.com,Portugal,si,Otro,Soltero,no,si,no,0
lbeekmann42,eY61840!IRNpnF6,Luther Beekmann,lbeekmann42@edu.com,Russia,si,Otro,Union libre,no,no,si,0
iadcock43,cT6S<QeOROB9Km,Inglebert Adcock,iadcock43@edu.com,Sweden,no,Femenino,Soltero,no,no,si,0
gscougal44,hT5L<7qb?xIBS)5,Gilberta Scougal,gscougal44@edu.com,China,si,Masculino,Divorciado,si,no,si,0
bglyn45,aK64QVd@',Blaine Glyn,bglyn45@edu.com,Russia,si,Otro,Casado,si,no,no,0
bgreenleaf46,sI5SB!%Otpwb#=SV,Bastien Greenleaf,bgreenleaf46@edu.com,Indonesia,no,Masculino,Viudo,si,no,si,0
sbrett47,sV3I1$rWif,Sandye Brett,sbrett47@edu.com,Argentina,si,Otro,Soltero,si,no,no,0
nloughnan48,oN8Y8a=xp1Uy,Ninetta Loughnan,nloughnan48@edu.com,Portugal,si,Otro,Viudo,no,no,no,0
dlornsen49,eC11c30i\,Diego Lornsen,dlornsen49@edu.com,Ivory Coast,si,Masculino,Soltero,si,si,no,0
dcolpus4a,"wX0ZC.AM{&,O",Dwayne Colpus,dcolpus4a@edu.com,China,no,Femenino,Divorciado,si,si,si,0
vhearl4b,eD82J/Lu,Violette Hearl,vhearl4b@edu.com,Vietnam,si,Femenino,Divorciado,si,si,si,0
ckempe4c,iY7SVc+sW\u,Cristina Kempe,ckempe4c@edu.com,Mexico,no,Femenino,Divorciado,no,si,no,0
bkopacek4d,"rV4m*2x3Kn`qo,*'",Bird Kopacek,bkopacek4d@edu.com,China,no,Otro,Casado,si,no,si,0
nkneath4e,eV82T@!1Y,Nickey Kneath,nkneath4e@edu.com,Argentina,no,Otro,Casado,si,si,si,0
bbilovus4f,"jW488""CHSf)YVqY",Bette Bilovus,bbilovus4f@edu.com,Russia,si,Femenino,Soltero,no,si,no,0
bwarke4g,tD1Au7tq,Bernie Warke,bwarke4g@edu.com,Bhutan,no,Femenino,Divorciado,si,no,si,0
ctwelvetree4h,fH8jQ6K{O7x{xH,Cameron Twelvetree,ctwelvetree4h@edu.com,China,no,Otro,Casado,no,si,no,0
ntoogood4i,lS6Ep|r`4d.j!2t,Nil Toogood,ntoogood4i@edu.com,Portugal,no,Masculino,Soltero,no,si,no,0
phearty4j,"pI2o=8K>""?",Pip Hearty,phearty4j@edu.com,Indonesia,no,Otro,Casado,si,no,no,0
tisakovic4k,sM7Xa@|so``,Tess Isakovic,tisakovic4k@edu.com,Poland,si,Femenino,Divorciado,no,no,no,0
iwarrener4l,xY1Ig\Z0F}tIDB&,Issiah Warrener,iwarrener4l@edu.com,Portugal,si,Masculino,Casado,no,si,si,0
cmcnamee4m,"mB3Fs.t\d,8la0>?",Calhoun McNamee,cmcnamee4m@edu.com,Poland,si,Masculino,Viudo,no,no,no,0
hgricewood4n,"wN3""+Bo|sKges",Hettie Gricewood,hgricewood4n@edu.com,France,no,Masculino,Soltero,no,no,si,0
mbickmore4o,"mV8@bxZ=vv""}*K",Mareah Bickmore,mbickmore4o@edu.com,Ukraine,no,Femenino,Divorciado,no,no,si,0
gduddy4p,eA63j={>.6f,Gwenni Duddy,gduddy4p@edu.com,Japan,si,Femenino,Viudo,no,no,si,0
aberrey4q,vQ2iutPS8Fw3,Adelaida Berrey,aberrey4q@edu.com,China,si,Otro,Divorciado,si,si,si,0
mwisher4r,"lB3,rL<(~)#SC",Mathew Wisher,mwisher4r@edu.com,Indonesia,si,Masculino,Casado,si,no,si,0
otuckie4s,hP2KN_Vb}=T,Olympie Tuckie,otuckie4s@edu.com,Indonesia,si,Masculino,Union libre,si,si,si,0
wcall4t,rL1wSD$6O)Uv,Wilburt Call,wcall4t@edu.com,United Kingdom,si,Otro,Union libre,no,no,si,0
nmorcom4u,aZ7dAVJkS,Nonie Morcom,nmorcom4u@edu.com,Colombia,no,Femenino,Casado,si,no,no,0
bespinazo4v,oG6`(sq9+F+nx3,Bethena Espinazo,bespinazo4v@edu.com,Indonesia,no,Femenino,Casado,no,si,si,0
rdayly4w,qC8sVxO4,Reagan Dayly,rdayly4w@edu.com,Indonesia,si,Femenino,Casado,si,no,si,0
crawson4x,"hR8J.WqOSm08|B,",Con Rawson,crawson4x@edu.com,Indonesia,no,Otro,Soltero,si,si,no,0
sodegaard4y,gA3~9we4r,Samaria Odegaard,sodegaard4y@edu.com,China,no,Otro,Casado,si,no,si,0
vdurn4z,lJ2EgGgGML_W6(,Vergil Durn,vdurn4z@edu.com,Ethiopia,si,Masculino,Divorciado,si,si,no,0
mstaning50,jX7C`rA{`'dx%<,Manon Staning,mstaning50@edu.com,Ukraine,si,Masculino,Divorciado,si,no,si,0
fcowdroy51,qO1WTIs2>,Fred Cowdroy,fcowdroy51@edu.com,Greece,no,Masculino,Viudo,si,no,no,0
esapseed52,cK376ekge,Emiline Sapseed,esapseed52@edu.com,China,no,Femenino,Soltero,si,si,no,0
ahaddleston53,"yR0!\""D.A#84/1",Amble Haddleston,ahaddleston53@edu.com,China,si,Otro,Divorciado,no,si,no,0
sparrish54,dD4o97cy,Stormy Parrish,sparrish54@edu.com,Czech Republic,si,Otro,Union libre,si,si,si,0
gmccullen55,uS3(cPNRKT&j8P,Georges McCullen,gmccullen55@edu.com,Czech Republic,no,Masculino,Union libre,si,no,no,0
mmcshane56,oD2GCm~tz~,Morty McShane,mmcshane56@edu.com,Sweden,si,Otro,Casado,no,si,no,0
emarples57,aW1$<Dxliv,Erik Marples,emarples57@edu.com,Peru,no,Otro,Soltero,no,no,no,0
ringerman58,iW0vcj?1o!,Rosita Ingerman,ringerman58@edu.com,Iran,si,Masculino,Viudo,si,si,no,0
zspier59,cA1vGiajz,Zebadiah Spier,zspier59@edu.com,Russia,no,Masculino,Viudo,no,no,no,0
ppaviour5a,vB7qW%w8k,Peta Paviour,ppaviour5a@edu.com,Thailand,si,Masculino,Casado,no,no,si,0
ebroxis5b,dK28_/43GP,Emily Broxis,ebroxis5b@edu.com,Colombia,no,Femenino,Soltero,si,si,no,0
pgreenshields5c,dC8f0N9Y,Philip Greenshields,pgreenshields5c@edu.com,Greece,no,Femenino,Soltero,si,si,no,0
mpetkov5d,cS7R8s@PDCK,Marven Petkov,mpetkov5d@edu.com,Canada,si,Masculino,Casado,no,no,no,0
ahupe5e,uM1MH$3{en,Antonio Hupe,ahupe5e@edu.com,Ireland,si,Masculino,Casado,no,no,no,0
vletertre5f,aY3aZn!cA,Vito Letertre,vletertre5f@edu.com,Argentina,no,Otro,Soltero,no,si,si,0
apleuman5g,"oO9V4,CgC_l",Aileen Pleuman,apleuman5g@edu.com,Russia,si,Femenino,Casado,no,no,si,0
cgowdie5h,aR7.br?O,Corri Gowdie,cgowdie5h@edu.com,Solomon Islands,si,Masculino,Casado,no,si,si,0
hedwin5i,sP1QF#YnrQoUN+|u,Hadlee Edwin,hedwin5i@edu.com,Greece,si,Otro,Casado,si,si,si,0
pmaskell5j,"vG7'ei"",9Eaa5",Pollyanna Maskell,pmaskell5j@edu.com,Macedonia,si,Masculino,Union libre,si,no,no,0
lflanne5k,jP1>>Gwa'mZQ`Z,Louise Flanne,lflanne5k@edu.com,France,si,Otro,Divorciado,si,no,no,0
bsulman5l,pJ5*ScKL~!1O/\`,Becky Sulman,bsulman5l@edu.com,Russia,no,Femenino,Union libre,si,no,si,0
ffishwick5m,pL1Y&WkoppD!U,Findlay Fishwick,ffishwick5m@edu.com,United States,si,Otro,Union libre,si,si,no,0
clebourn5n,nR3fO<W'kPQ,Chris Lebourn,clebourn5n@edu.com,Poland,no,Masculino,Union libre,si,no,si,0
icaple5o,vS1RbN(%Pg5ok8tM,Iorgo Caple,icaple5o@edu.com,Colombia,no,Otro,Union libre,si,si,si,0
cboraston5p,"jX5?,*lam",Clarence Boraston,cboraston5p@edu.com,Mexico,si,Femenino,Casado,no,si,no,0
tbever5q,dP11W*6/,Tammie Bever,tbever5q@edu.com,Croatia,si,Masculino,Viudo,si,no,si,0
craith5r,pO3xF*_pFX&*x\la,Christel Raith,craith5r@edu.com,Colombia,si,Femenino,Soltero,no,si,si,0
ascowen5s,"bS6(2`N>""",Archibald Scowen,ascowen5s@edu.com,China,si,Otro,Divorciado,no,si,no,0
psherville5t,qB9jPH1T,Pablo Sherville,psherville5t@edu.com,China,si,Femenino,Viudo,si,si,no,0
fpack5u,nF9t>bxx?+O#&2SB,Freddi Pack,fpack5u@edu.com,Benin,si,Femenino,Viudo,no,no,si,0
hparysiak5v,cJ0sM&)*y1)L8=,Hilary Parysiak,hparysiak5v@edu.com,Finland,si,Masculino,Viudo,si,no,si,0
abasten5w,kO57?f0ox'w}W,Antoni Basten,abasten5w@edu.com,Portugal,no,Otro,Divorciado,no,no,si,0
rdevany5x,rF4L'=gN(xn,Reba Devany,rdevany5x@edu.com,Portugal,si,Masculino,Viudo,si,si,no,0
afenning5y,cT1FbW2',Anestassia Fenning,afenning5y@edu.com,Sweden,si,Masculino,Union libre,no,si,no,0
ggascoyen5z,gR5X>!xboA,Gustie Gascoyen,ggascoyen5z@edu.com,Poland,si,Femenino,Divorciado,si,no,si,0
epetrosian60,iJ1)!5IgB~Bci>o7,Edlin Petrosian,epetrosian60@edu.com,China,no,Femenino,Casado,si,si,no,0
tsabates61,gO4>8@_9z,Theobald Sabates,tsabates61@edu.com,Indonesia,si,Femenino,Viudo,si,si,si,0
dverling62,iQ5fwwrrm|Zkq_),Della Verling,dverling62@edu.com,Nigeria,si,Masculino,Soltero,no,no,si,0
lfearney63,eL69m%*a`_fZlk#`,Lezley Fearney,lfearney63@edu.com,Poland,no,Femenino,Union libre,si,si,no,0
esibbald64,"xQ3isO1n""42",Esme Sibbald,esibbald64@edu.com,Indonesia,si,Masculino,Casado,si,si,si,0
ishimmin65,oE3kQF5+5~}0,Ike Shimmin,ishimmin65@edu.com,United Kingdom,si,Otro,Union libre,si,si,si,0
cmcilmorow66,cG52sj95D(Nh,Chaim McIlmorow,cmcilmorow66@edu.com,Germany,si,Masculino,Casado,no,si,si,0
ctohill67,bJ6PlL.6,Clarie Tohill,ctohill67@edu.com,Vietnam,no,Otro,Casado,si,no,no,0
dcommander68,nQ0Ce5kbm0=7,Diego Commander,dcommander68@edu.com,Indonesia,no,Masculino,Soltero,no,si,si,0
sbrunroth69,uD0Oi=!5,Scott Brunroth,sbrunroth69@edu.com,Japan,no,Otro,Divorciado,si,no,no,0
ctidmarsh6a,"xE0_HA""+*m4I",Celka Tidmarsh,ctidmarsh6a@edu.com,Indonesia,si,Masculino,Union libre,si,no,si,0
pburnhill6b,sX3E5N$b1Q,Perla Burnhill,pburnhill6b@edu.com,Brazil,si,Masculino,Casado,no,si,no,0
bvolkers6c,tZ0K7&ge/+,Beaufort Volkers,bvolkers6c@edu.com,Peru,si,Femenino,Casado,si,si,si,0
omacneillie6d,pW5pVVqz7BO>4.hg,Obediah MacNeillie,omacneillie6d@edu.com,Indonesia,si,Femenino,Viudo,si,si,no,0
btokley6e,yQ7A8M+O`F`=}Vn,Bartolemo Tokley,btokley6e@edu.com,China,no,Masculino,Union libre,no,no,si,0
rwroughton6f,jZ541MGsyU&ra/OA,Ramsay Wroughton,rwroughton6f@edu.com,Indonesia,no,Otro,Viudo,si,si,si,0
vquarless6g,dS6_K#515TEO~&b7,Verney Quarless,vquarless6g@edu.com,Vietnam,si,Femenino,Divorciado,si,si,si,0
dconeron6h,"pM8N|""})&",Darline Coneron,dconeron6h@edu.com,Philippines,no,Masculino,Casado,no,si,si,0
gackerley6i,yX8Z#%LW+8,Giselbert Ackerley,gackerley6i@edu.com,Philippines,no,Masculino,Viudo,no,no,si,0
rtitterton6j,eR4%l<v5Sw,Rodge Titterton,rtitterton6j@edu.com,France,si,Femenino,Union libre,si,no,si,0
gkirwan6k,jI4WkR3GA',Giffard Kirwan,gkirwan6k@edu.com,China,no,Otro,Viudo,si,no,si,0
mgiacovazzo6l,"pE2@$h=,*S%",Moss Giacovazzo,mgiacovazzo6l@edu.com,China,si,Femenino,Divorciado,no,si,si,0
cskepper6m,"fM6r5v,mg{3Df",Cheryl Skepper,cskepper6m@edu.com,Philippines,si,Masculino,Soltero,si,si,no,0
fstorr6n,cN864g1N8Rw,Farah Storr,fstorr6n@edu.com,Ukraine,si,Otro,Casado,si,no,si,0
kcaltera6o,sO4mC=p7$|,Kelsey Caltera,kcaltera6o@edu.com,Indonesia,no,Femenino,Casado,si,si,si,0
ebeade6p,cW5K?~|X4'=>4CZf,Elsy Beade,ebeade6p@edu.com,Philippines,no,Masculino,Viudo,si,si,si,0
cmccomb6q,vA2ynZ9/y/7D,Christian McComb,cmccomb6q@edu.com,China,no,Masculino,Divorciado,si,no,si,0
jmcgraw6r,uE9lZCiV,Joella McGraw,jmcgraw6r@edu.com,Central African Republic,si,Masculino,Casado,no,si,si,0
varonstein6s,gX1c(Em)7s,Vinita Aronstein,varonstein6s@edu.com,Nicaragua,si,Masculino,Divorciado,si,si,no,0
mjorg6t,sY7m&1.HJT,Marji Jorg,mjorg6t@edu.com,Niger,no,Otro,Union libre,si,si,no,0
zswinerd6u,uR9K@tN_,Zach Swinerd,zswinerd6u@edu.com,China,no,Femenino,Union libre,si,no,si,0
mmclardie6v,uS8t2YbU`z,Melantha McLardie,mmclardie6v@edu.com,Bulgaria,no,Otro,Casado,si,no,no,0
rmattes6w,"nF6p,1{<+o)Yh",Ricky Mattes,rmattes6w@edu.com,Portugal,no,Otro,Casado,si,si,si,0
rpauli6x,zV7X74VRaT0,Randie Pauli,rpauli6x@edu.com,Greece,no,Otro,Casado,no,no,no,0
so6y,hV4zAszTL,Schuyler O' Borne,so6y@edu.com,Russia,no,Otro,Viudo,si,no,no,0
stoffoletto6z,"zR3=cpmtxo2u""",Sadye Toffoletto,stoffoletto6z@edu.com,Indonesia,no,Otro,Viudo,si,no,no,0
dclemmett70,aK6c<'wI6h703U~,Dinah Clemmett,dclemmett70@edu.com,China,si,Otro,Casado,si,no,si,0
mlindholm71,uK0za/Gxl@VF$,Marjy Lindholm,mlindholm71@edu.com,Indonesia,no,Femenino,Casado,si,si,si,0
floughney72,dD8Cp_D?'n(jx,Felix Loughney,floughney72@edu.com,Czech Republic,si,Otro,Divorciado,no,si,no,0
cmarciskewski73,nC9gg+Kd_R,Carmencita Marciskewski,cmarciskewski73@edu.com,Czech Republic,si,Femenino,Casado,no,no,si,0
mlevene74,pU0Yt*m%&l6b.(@7,Mersey Levene,mlevene74@edu.com,Myanmar,no,Masculino,Union libre,no,si,si,0
mgibbins75,uC3qWPQV,Mord Gibbins,mgibbins75@edu.com,China,no,Masculino,Divorciado,si,si,si,0
nsizzey76,uY6jp64)/6=vNWZ9,Nelson Sizzey,nsizzey76@edu.com,Poland,si,Femenino,Casado,si,no,si,0
tledes77,kQ7GaI3*b<ZPVVFZ,Tulley Ledes,tledes77@edu.com,Zimbabwe,no,Otro,Divorciado,no,si,no,0
rbut78,jY0xUAqgd,Reinaldo But,rbut78@edu.com,Czech Republic,no,Femenino,Soltero,no,no,si,0
bespinola79,iY5dpg|\y,Benji Espinola,bespinola79@edu.com,China,no,Femenino,Divorciado,no,no,no,0
swillans7a,gB0DVz/k#zNXX,Skippy Willans,swillans7a@edu.com,Greece,no,Masculino,Soltero,no,si,si,0
gbernardoux7b,qI8G@h.2t~J,Godwin Bernardoux,gbernardoux7b@edu.com,Vietnam,si,Masculino,Viudo,no,si,si,0
rmarjot7c,lF1hMn88@p}`{,Reuben Marjot,rmarjot7c@edu.com,Ukraine,no,Masculino,Soltero,si,si,no,0
mgregory7d,sU0wbSZ>s`,Morissa Gregory,mgregory7d@edu.com,Indonesia,si,Otro,Viudo,no,no,no,0
tmcalindon7e,fD18r8ADEB}>hWJ,Tawsha McAlindon,tmcalindon7e@edu.com,China,si,Femenino,Divorciado,no,si,no,0
rmcsparran7f,sF4MGiZ1L_=+,Robin McSparran,rmcsparran7f@edu.com,France,no,Otro,Union libre,no,si,si,0
jlebreton7g,eX3~$x&|<wx,Jobi Lebreton,jlebreton7g@edu.com,Indonesia,si,Masculino,Divorciado,si,no,si,0
cbonicelli7h,eY2WWt{q8+n,Corine Bonicelli,cbonicelli7h@edu.com,Palestinian Territory,si,Femenino,Soltero,si,si,si,0
wmccafferky7i,vR4lNKyJpz,Willie McCafferky,wmccafferky7i@edu.com,Brazil,si,Otro,Soltero,si,no,no,0
gsiley7j,wS0YDF3}L3~,Garry Siley,gsiley7j@edu.com,Lebanon,no,Masculino,Viudo,no,si,si,0
akix7k,rV066UX~|,Ashien Kix,akix7k@edu.com,Pakistan,no,Otro,Casado,si,no,no,0
ekarpeev7l,vZ7Wh<YGV8,Eadith Karpeev,ekarpeev7l@edu.com,China,no,Otro,Soltero,no,no,si,0
llemerle7m,cD9(4G1wJF,Loretta Lemerle,llemerle7m@edu.com,Luxembourg,si,Otro,Divorciado,no,si,no,0
mblore7n,jL4Q\tMSE&Y`J<x?,Maddy Blore,mblore7n@edu.com,Indonesia,si,Femenino,Viudo,no,no,no,0
rfrohock7o,"zW8hv+'iM2""Hev+U",Romain Frohock,rfrohock7o@edu.com,China,si,Otro,Casado,no,si,si,0
ahellwing7p,"jW0""\NHPN",Abagael Hellwing,ahellwing7p@edu.com,Kazakhstan,no,Otro,Casado,no,si,no,0
hgurg7q,nH1S8W!MY|n,Haley Gurg,hgurg7q@edu.com,Poland,si,Femenino,Viudo,no,si,no,0
jhinzer7r,kJ6Z!kKN&,Jacky Hinzer,jhinzer7r@edu.com,China,si,Masculino,Casado,si,si,si,0
ltabour7s,nD5nV4E{y&vT1z,Loren Tabour,ltabour7s@edu.com,Tunisia,si,Otro,Casado,no,no,si,0
nsplevings7t,nP0esGwfb40R<E,Nona Splevings,nsplevings7t@edu.com,El Salvador,no,Femenino,Divorciado,no,no,si,0
lmckain7u,kQ0zpUOfR|},Laverne McKain,lmckain7u@edu.com,Russia,no,Femenino,Soltero,si,si,si,0
aeskrick7v,aT8~IKVd,Ailina Eskrick,aeskrick7v@edu.com,Colombia,si,Otro,Soltero,no,si,no,0
jgreenham7w,"uY5G@m,35cx<",Jobye Greenham,jgreenham7w@edu.com,China,no,Femenino,Casado,si,si,si,0
aloxley7x,nF2!xOTmmGT*,Alric Loxley,aloxley7x@edu.com,Ukraine,si,Femenino,Divorciado,no,no,si,0
speres7y,"vH7Zb1sXms,#u{G",Silvain Peres,speres7y@edu.com,Peru,no,Femenino,Soltero,si,si,no,0
kkilbourne7z,wF2rfwFU,Kerby Kilbourne,kkilbourne7z@edu.com,Canada,si,Femenino,Divorciado,si,no,no,0
mcoggan80,"nX1ba""FQ+""0P",Mischa Coggan,mcoggan80@edu.com,France,no,Femenino,Casado,si,si,no,0
dstoke81,sV0EYqm{d>_7~Jyz,Diandra Stoke,dstoke81@edu.com,Philippines,si,Masculino,Viudo,si,si,no,0
bclulow82,qY3g'&3},Belvia Clulow,bclulow82@edu.com,Sri Lanka,si,Masculino,Divorciado,no,no,no,0
rkissick83,kX3'Cl(aq,Reilly Kissick,rkissick83@edu.com,Luxembourg,si,Masculino,Divorciado,no,si,no,0
kbignell84,dD44$A34*)f{,Kiley Bignell,kbignell84@edu.com,Swaziland,si,Femenino,Casado,si,no,no,0
mling85,iU9pV~a$_Y'/i,Maxine Ling,mling85@edu.com,Switzerland,no,Otro,Viudo,no,no,no,0
cbates86,wO4x~eT{E+h0,Correy Bates,cbates86@edu.com,Russia,no,Masculino,Divorciado,si,si,si,0
dforte87,"qC6qTV""u",Del Forte,dforte87@edu.com,Sweden,si,Otro,Union libre,no,no,no,0
gastie88,nI5I.ojk,Grove Astie,gastie88@edu.com,Honduras,si,Femenino,Soltero,no,si,si,0
rbolton89,"cC6rY#VA2C""",Roseann Bolton,rbolton89@edu.com,Indonesia,no,Otro,Viudo,no,si,si,0
amussard8a,"iG3eZ/""bVa'V6o",Aurea Mussard,amussard8a@edu.com,Russia,si,Femenino,Divorciado,no,si,no,0
stwycross8b,pW7mbfd7{,Sanford Twycross,stwycross8b@edu.com,China,si,Masculino,Union libre,no,no,no,0
mclampe8c,"iF3*,v0rpj_",Marlo Clampe,mclampe8c@edu.com,Bulgaria,si,Masculino,Divorciado,no,no,si,0
erace8d,aH9_$EkakIUPbbq?,Emelyne Race,erace8d@edu.com,Cameroon,si,Masculino,Casado,si,no,no,0
drobert8e,kA3BSm2L\Sf,Darlleen Robert,drobert8e@edu.com,Portugal,no,Femenino,Casado,no,si,si,0
maberdeen8f,"nR2{""yn_2",Mathias Aberdeen,maberdeen8f@edu.com,China,si,Otro,Casado,no,no,si,0
klevings8g,iQ69Uwj{+C3,Kristan Levings,klevings8g@edu.com,Russia,si,Femenino,Divorciado,si,no,si,0
ymatthiesen8h,"fK3e8,DUzdI3m6>",Yehudi Matthiesen,ymatthiesen8h@edu.com,China,no,Masculino,Soltero,no,no,no,0
ccolvin8i,mN9!njmrmA8i7z,Cary Colvin,ccolvin8i@edu.com,Italy,no,Femenino,Casado,si,si,si,0
gpolfer8j,fY7dMz)y,Guillermo Polfer,gpolfer8j@edu.com,Cameroon,no,Femenino,Viudo,no,no,no,0
ggaule8k,"bZ3=cy""yU2i<""",Geraldine Gaule,ggaule8k@edu.com,Armenia,no,Otro,Soltero,no,si,no,0
bdufaire8l,vG8sG#`<3Sp,Babbie Dufaire,bdufaire8l@edu.com,Uganda,si,Femenino,Casado,no,no,si,0
akubec8m,"kI4,,ek?Gr<",Averell Kubec,akubec8m@edu.com,China,no,Femenino,Viudo,si,si,si,0
hdominico8n,rJ1\GS@L},Herta Dominico,hdominico8n@edu.com,Sweden,si,Otro,Soltero,no,si,si,0
nlindeman8o,pN3q*ihs0p$m+,Nola Lindeman,nlindeman8o@edu.com,Indonesia,no,Femenino,Union libre,si,no,no,0
mpardie8p,eR3#u{Bt,Myrtia Pardie,mpardie8p@edu.com,China,no,Femenino,Casado,si,si,no,0
salcock8q,"mP4X_}*O,Vw",Sigismond Alcock,salcock8q@edu.com,New Zealand,no,Masculino,Union libre,no,no,si,0
amabe8r,bF7{j5ycRTuW,Alla Mabe,amabe8r@edu.com,Bosnia and Herzegovina,no,Masculino,Union libre,si,no,no,0
zbotly8s,rX4r\}yE,Zared Botly,zbotly8s@edu.com,Philippines,no,Masculino,Viudo,no,no,no,0
adurrant8t,hF5$ee9jdHP%<Z,Alonso Durrant,adurrant8t@edu.com,Peru,no,Femenino,Soltero,si,si,no,0
stabourel8u,bI6P%shP3,Symon Tabourel,stabourel8u@edu.com,China,si,Masculino,Soltero,no,no,no,0
acudbertson8v,kD9f89@Pm_\,Alverta Cudbertson,acudbertson8v@edu.com,Luxembourg,no,Masculino,Union libre,si,no,no,0
mminet8w,fS1juPss5B{FRC,Mavis Minet,mminet8w@edu.com,Indonesia,no,Femenino,Casado,no,si,si,0
rtetla8x,"dR2)@)W8j""c9/M,",Rosemonde Tetla,rtetla8x@edu.com,Philippines,no,Masculino,Soltero,no,si,si,0
tthowless8y,lN2s>!~Z_7G!t,Thaddeus Thowless,tthowless8y@edu.com,Philippines,si,Otro,Viudo,no,si,no,0
strimnell8z,mA6V~=d8O,Shandeigh Trimnell,strimnell8z@edu.com,Chad,si,Masculino,Union libre,si,si,no,0
ssalan90,bK96N$G|(26nW,Scottie Salan,ssalan90@edu.com,Philippines,si,Masculino,Divorciado,si,si,no,0
mstayt91,vV0L1ue>j{,Marisa Stayt,mstayt91@edu.com,Sweden,si,Femenino,Union libre,si,si,no,0
jbruneau92,iU2wi<iFg_,Jo Bruneau,jbruneau92@edu.com,Japan,si,Otro,Union libre,si,si,no,0
llenglet93,dI1nHz!F4$,Lev Lenglet,llenglet93@edu.com,Ethiopia,si,Masculino,Casado,si,no,no,0
clerven94,lM2d6&Xth,Chrissy Lerven,clerven94@edu.com,Jordan,no,Otro,Viudo,si,si,no,0
rrappa95,tZ1M>C&@$5_8,Roseanne Rappa,rrappa95@edu.com,United States,si,Masculino,Divorciado,si,si,si,0
colley96,dY6u16Up&IA|ex,Calhoun Olley,colley96@edu.com,Philippines,no,Otro,Soltero,si,si,si,0
bhatton97,dM4u3RmZ~!,Base Hatton,bhatton97@edu.com,Indonesia,si,Femenino,Viudo,si,si,si,0
lmilksop98,bH93./6qyCC(.S{,Lyndsie Milksop,lmilksop98@edu.com,Philippines,no,Masculino,Soltero,si,no,si,0
hhutchison99,pO2f+YV?h,Hildegarde Hutchison,hhutchison99@edu.com,Russia,no,Femenino,Casado,no,si,no,0
gomullaney9a,uD4\rc#/|z=,Garth O'Mullaney,gomullaney9a@edu.com,Philippines,no,Femenino,Soltero,si,no,si,0
tgorriessen9b,"uO3fz~3""0H6X?K*s",Trumann Gorriessen,tgorriessen9b@edu.com,Poland,si,Femenino,Union libre,no,si,no,0
tchristall9c,cH8/+Dsq}z,Tristam Christall,tchristall9c@edu.com,Thailand,si,Otro,Union libre,si,si,si,0
slewtey9d,fM5t5_W5R8%v,Sigismundo Lewtey,slewtey9d@edu.com,Senegal,no,Masculino,Viudo,si,si,no,0
ylavarack9e,zD5K7sINvQk,Yard Lavarack,ylavarack9e@edu.com,Colombia,no,Femenino,Soltero,si,no,si,0
umcbride9f,"cX1,kKX!1m",Ulrica McBride,umcbride9f@edu.com,Czech Republic,si,Masculino,Soltero,no,si,no,0
dbourhill9g,oO7j<o\uwTfWu(Z,Desmond Bourhill,dbourhill9g@edu.com,Russia,no,Masculino,Union libre,si,no,no,0
ngregoratti9h,lS5mVRSYNOpc1y,Nevsa Gregoratti,ngregoratti9h@edu.com,Georgia,si,Otro,Casado,si,si,si,0
gfranchi9i,wX5oNMFw'<R(VKj,Gert Franchi,gfranchi9i@edu.com,Indonesia,no,Femenino,Viudo,no,no,no,0
npickerin9j,"nP8ao6W""C1o|w.",Nanny Pickerin,npickerin9j@edu.com,Indonesia,no,Femenino,Divorciado,no,si,no,0
clearmond9k,"lG1_J~Q%""a&HFH",Christopher Learmond,clearmond9k@edu.com,China,no,Femenino,Soltero,no,no,no,0
chissett9l,vV27ImoR,Charisse Hissett,chissett9l@edu.com,Philippines,no,Femenino,Divorciado,si,si,no,0
avillage9m,hE5i$kn|c,Alyss Village,avillage9m@edu.com,Nigeria,no,Femenino,Soltero,si,no,si,0
tstonnell9n,zJ5q=U._Q3,Tara Stonnell,tstonnell9n@edu.com,Philippines,no,Femenino,Viudo,si,si,si,0
rsemper9o,cO8i@>~ZB?`$M*1,Robinette Semper,rsemper9o@edu.com,Poland,no,Otro,Casado,no,si,no,0
arodrig9p,"iZ31h&ygRn5""!",Alexander Rodrig,arodrig9p@edu.com,Croatia,no,Otro,Soltero,no,no,no,0
apurtell9q,yQ3@'pvJBA<`S{u,Aprilette Purtell,apurtell9q@edu.com,Kenya,no,Femenino,Divorciado,no,si,no,0
nlynagh9r,zD99tf0BT6Gi,Noble Lynagh,nlynagh9r@edu.com,Indonesia,no,Masculino,Casado,no,si,no,0
kmalenoir9s,cD9hB!g?z,Kassey Malenoir,kmalenoir9s@edu.com,Bosnia and Herzegovina,si,Masculino,Divorciado,si,no,si,0
wmougel9t,gE4*amvvZ=4,Winifred Mougel,wmougel9t@edu.com,Ghana,si,Masculino,Divorciado,no,no,si,0
pronchetti9u,"wA9Hbv*,G~U}",Pacorro Ronchetti,pronchetti9u@edu.com,Romania,si,Masculino,Casado,si,si,si,0
jmosdall9v,jM0Q%zfPOh9JAr`,Jenifer Mosdall,jmosdall9v@edu.com,Russia,si,Femenino,Soltero,no,no,no,0
ideek9w,xP77gHZVjY7Dhk`,Israel Deek,ideek9w@edu.com,Indonesia,no,Femenino,Divorciado,no,no,si,0
fdumbrell9x,"iJ4nth,K",Fleur Dumbrell,fdumbrell9x@edu.com,China,si,Otro,Soltero,no,no,si,0
emeneyer9y,mB5le.31\,Emlyn Meneyer,emeneyer9y@edu.com,Poland,no,Masculino,Union libre,si,si,si,0
egadaud9z,sJ4ei&xGc+,Eldridge Gadaud,egadaud9z@edu.com,Mauritius,no,Femenino,Divorciado,no,no,si,0
pmccullocha0,uO8_~=gkop_|Dx!3,Phylys McCulloch,pmccullocha0@edu.com,France,no,Femenino,Soltero,si,no,si,0
gyearnsa1,aY7)t}<@HSt!0%/,Gerhardt Yearns,gyearnsa1@edu.com,Russia,si,Masculino,Casado,si,no,no,0
emeniera2,wU6u8lZ9*!,Ellswerth Menier,emeniera2@edu.com,China,si,Femenino,Viudo,si,si,si,0
lslogrovea3,jG6b8s26,Luce Slogrove,lslogrovea3@edu.com,Yemen,no,Femenino,Casado,si,no,si,0
rsouthcoata4,gD0#DScQPN\5,Rebeca Southcoat,rsouthcoata4@edu.com,China,no,Otro,Viudo,no,no,si,0
hhaygreena5,yH50JtyBr,Helaine Haygreen,hhaygreena5@edu.com,Brazil,no,Femenino,Viudo,no,no,si,0
vbettensona6,sS8LLSn}ad',Vally Bettenson,vbettensona6@edu.com,Nigeria,no,Femenino,Divorciado,no,si,si,0
arewa7,hQ2!4>xA,Andriette Rew,arewa7@edu.com,United States,no,Masculino,Union libre,si,no,no,0
gambrusa8,sW3lK=Bw,Granville Ambrus,gambrusa8@edu.com,China,si,Masculino,Viudo,si,no,no,0
eharbottlea9,lC8RmxK%PI2H4pyw,Elena Harbottle,eharbottlea9@edu.com,Pakistan,no,Masculino,Union libre,si,no,si,0
dfearsaa,cO5%G5&v3V1'7{,Daron Fears,dfearsaa@edu.com,Japan,si,Femenino,Viudo,no,no,si,0
gleevesab,qL3an*ey,Gayler Leeves,gleevesab@edu.com,Albania,si,Otro,Divorciado,si,si,no,0
oguerryac,"aU9C6X,+!i",Ofilia Guerry,oguerryac@edu.com,United Kingdom,no,Femenino,Casado,no,no,no,0
amushetad,uY2*f7Yi7,Algernon Mushet,amushetad@edu.com,Indonesia,si,Masculino,Divorciado,si,si,no,0
ggrimsdellae,"gC4""s_2b",Gisele Grimsdell,ggrimsdellae@edu.com,China,no,Otro,Union libre,si,no,no,0
bshawcroftaf,jV2O&dYA3(c,Blaire Shawcroft,bshawcroftaf@edu.com,Nepal,no,Masculino,Casado,si,no,si,0
mbuteag,jE5/GA@{x,Mordecai Bute,mbuteag@edu.com,Mexico,no,Masculino,Casado,no,no,si,0
bmoldenah,"jT9_n@l""Lolah""",Bertrando Molden,bmoldenah@edu.com,Bosnia and Herzegovina,si,Masculino,Soltero,no,si,si,0
mghidottiai,gF4aFDoA,Merrili Ghidotti,mghidottiai@edu.com,Peru,no,Femenino,Casado,no,no,si,0
abraamaj,aQ4/W<xvAiA<,Angelle Braam,abraamaj@edu.com,Poland,no,Otro,Union libre,si,no,no,0
droddaak,iD6K/_MESfj<6t%b,Demetrius Rodda,droddaak@edu.com,Ukraine,no,Otro,Viudo,no,si,si,0
dseegaral,lS7/zapD=,Dwain Seegar,dseegaral@edu.com,Azerbaijan,no,Femenino,Union libre,no,no,no,0
lhaggataam,bB5upkLZH/R+n_,Lenette Haggata,lhaggataam@edu.com,Guadeloupe,si,Masculino,Casado,no,si,si,0
dholseyan,"zI4B,7mzECSSgl",Derk Holsey,dholseyan@edu.com,Nepal,no,Masculino,Divorciado,no,si,si,0
lkingwellao,xR1\yt|y)n/6!rwS,Lisette Kingwell,lkingwellao@edu.com,Russia,si,Masculino,Viudo,si,si,si,0
cdriscollap,eW6Y~.@FpSs,Cammy Driscoll,cdriscollap@edu.com,Morocco,no,Masculino,Union libre,no,si,no,0
wridgewayaq,iP6oS>(z%_,Willy Ridgeway,wridgewayaq@edu.com,Russia,si,Femenino,Casado,si,no,no,0
lhingar,aZ7hWwj5uTcM#A{,Lois Hing,lhingar@edu.com,Canada,no,Femenino,Divorciado,si,si,si,0
zwiszniewskias,mD8>c_@N,Zelig Wiszniewski,zwiszniewskias@edu.com,Luxembourg,si,Masculino,Casado,si,si,si,0
dwintat,lM2n*2VL!/d{2,Dredi Wint,dwintat@edu.com,Indonesia,si,Masculino,Union libre,no,no,si,0
tmauchlineau,tW8EPvS@Jt$}rr\v,Tilda Mauchline,tmauchlineau@edu.com,France,si,Masculino,Casado,si,si,no,0
cmetcalfeav,jV0efz0Y)0u,Cristian Metcalfe,cmetcalfeav@edu.com,Philippines,si,Femenino,Casado,no,no,no,0
gduiguidaw,"hS7n4>4,DCV",Genna Duiguid,gduiguidaw@edu.com,Serbia,si,Femenino,Divorciado,si,si,no,0
pholsallax,jD3CftNd2%>,Petronille Holsall,pholsallax@edu.com,Libya,no,Otro,Casado,si,no,no,0
bchristianay,xU1@jcn>4ANy,Brietta Christian,bchristianay@edu.com,Brazil,si,Masculino,Viudo,no,si,no,0
cbrugsmaaz,aO6L2shWz?r958,Cristen Brugsma,cbrugsmaaz@edu.com,Egypt,si,Masculino,Union libre,si,si,no,0
dtryeb0,eJ5RzBf.5?yC<.V,Doralyn Trye,dtryeb0@edu.com,France,si,Masculino,Viudo,no,no,no,0
sstrettellb1,eL5maRQhhtDgan,Sarah Strettell,sstrettellb1@edu.com,Comoros,si,Otro,Divorciado,no,si,no,0
soxborrowb2,"zS4,E#nCnS=",Selie Oxborrow,soxborrowb2@edu.com,Thailand,no,Femenino,Soltero,si,no,no,0
rmackintoshb3,wG7Jv5j|,Regan MacKintosh,rmackintoshb3@edu.com,Philippines,no,Masculino,Casado,si,si,no,0
bmowsleyb4,wQ6OjU|>ov%axFy,Bryan Mowsley,bmowsleyb4@edu.com,Sweden,si,Femenino,Soltero,si,si,si,0
tthodayb5,oR0IG<<$gF/yN.xV,Tonya Thoday,tthodayb5@edu.com,China,no,Femenino,Casado,no,no,si,0
fmellandb6,"oQ4_`O,rh?.H",Fred Melland,fmellandb6@edu.com,China,si,Masculino,Soltero,si,no,si,0
pornellsb7,"pW2<1u(f/""J|ji",Pascal Ornells,pornellsb7@edu.com,Portugal,si,Otro,Divorciado,si,no,si,0
aiacavoneb8,aF3*$Yx<,Amy Iacavone,aiacavoneb8@edu.com,China,no,Otro,Casado,no,si,no,0
jannattb9,qN5Yjyb&rEcDZY|0,Julina Annatt,jannattb9@edu.com,China,no,Masculino,Casado,si,no,si,0
bkrzysztofba,jV3OMlfW>(=Km{,Brett Krzysztof,bkrzysztofba@edu.com,Philippines,no,Masculino,Viudo,si,no,si,0
rgreggsbb,iU0UA%MP2_eIDv,Raf Greggs,rgreggsbb@edu.com,Indonesia,no,Masculino,Casado,si,no,no,0
rcullumbc,xR7~@Yf}}!tlhUlq,Ruben Cullum,rcullumbc@edu.com,Thailand,si,Femenino,Soltero,no,no,no,0
hrashbd,"iO5S_opI#t*,NbZ*",Humphrey Rash,hrashbd@edu.com,China,si,Otro,Casado,no,si,si,0
mdilaweybe,"qZ3FBYZT=,H)_J9",Mirelle Dilawey,mdilaweybe@edu.com,Brazil,no,Otro,Viudo,no,no,si,0
troastbf,rL6_vDudKwbJ,Trisha Roast,troastbf@edu.com,Greece,no,Masculino,Viudo,no,si,si,0
lwicherbg,rU8#kFcB'ar&Y,Ludvig Wicher,lwicherbg@edu.com,China,no,Otro,Viudo,no,si,si,0
slutwidgebh,wI6#jF48Q,Shurlocke Lutwidge,slutwidgebh@edu.com,Indonesia,no,Masculino,Divorciado,no,no,no,0
cwhitelawbi,"dF8DuTyat.>,",Clari Whitelaw,cwhitelawbi@edu.com,Russia,no,Femenino,Union libre,no,no,no,0
rpanterbj,uZ0c)`>hO3,Reilly Panter,rpanterbj@edu.com,Ukraine,no,Femenino,Soltero,no,si,si,0
acockillbk,sB1jHbH@DdonDb,Aharon Cockill,acockillbk@edu.com,Uganda,si,Masculino,Viudo,no,no,si,0
klongfieldbl,yK41UjgF!A,Kaycee Longfield,klongfieldbl@edu.com,China,si,Masculino,Viudo,si,si,no,0
gellowaybm,mW0mNCci!%aj5,Giraldo Elloway,gellowaybm@edu.com,France,no,Femenino,Viudo,no,si,no,0
akernleybn,kX4Pf*UiZU(,Allyson Kernley,akernleybn@edu.com,Brazil,no,Femenino,Divorciado,no,si,no,0
lmurkusbo,mP3Ky6~RJ%?2T&m,Letisha Murkus,lmurkusbo@edu.com,Peru,si,Masculino,Soltero,si,no,si,0
croskamsbp,rR0DQXo2bxk3F\,Cobbie Roskams,croskamsbp@edu.com,Indonesia,no,Otro,Union libre,no,no,si,0
gbyhambq,bV5</CzPI5e,Gray Byham,gbyhambq@edu.com,Morocco,si,Otro,Viudo,no,si,si,0
ryakuntsovbr,pE03}3QTFjs,Ronald Yakuntsov,ryakuntsovbr@edu.com,Brazil,no,Otro,Casado,si,si,no,0
ltodeobs,uX62ok#Bl,Leif Todeo,ltodeobs@edu.com,Egypt,no,Femenino,Soltero,si,si,si,0
dberminghambt,"gF7D03ho+A@""",Darrell Bermingham,dberminghambt@edu.com,Indonesia,no,Femenino,Viudo,si,no,no,0
dtealbu,iJ4\~k6V,Derek Teal,dtealbu@edu.com,Indonesia,si,Masculino,Divorciado,si,no,no,0
sdowdneybv,uP7~\R~JA<kbNdN,Sayre Dowdney,sdowdneybv@edu.com,China,si,Masculino,Viudo,no,no,no,0
rlinneybw,dZ8AIE*yjK2,Rene Linney,rlinneybw@edu.com,Philippines,no,Masculino,Viudo,si,si,si,0
mneilandsbx,"iF8Bx>&e""cTh/25",Mollie Neilands,mneilandsbx@edu.com,Nigeria,no,Otro,Divorciado,si,si,no,0
gfoyby,xK2volbYcx,Giraldo Foy,gfoyby@edu.com,French Polynesia,no,Masculino,Divorciado,si,si,si,0
dpetranekbz,gN7I0HUL3b~b%{L,Don Petranek,dpetranekbz@edu.com,France,no,Masculino,Union libre,no,si,no,0
backrillc0,"cB1z+j,U`gQue7'",Brigit Ackrill,backrillc0@edu.com,Indonesia,si,Femenino,Soltero,si,si,si,0
gnashec1,qL4eDYcOyzh1szc,Geoff Nashe,gnashec1@edu.com,China,si,Masculino,Union libre,no,no,si,0
bseggec2,xE9c3R8y!Fx,Bernardina Segge,bseggec2@edu.com,Poland,no,Femenino,Union libre,si,si,si,0
kadamic3,rW48ywt/EK,Kimberley Adami,kadamic3@edu.com,Indonesia,si,Masculino,Divorciado,no,si,no,0
gbolesworthc4,"yL14}yg}m?h,JI",Garold Bolesworth,gbolesworthc4@edu.com,Indonesia,no,Femenino,Casado,si,si,no,0
galyoshinc5,nH79WI`<#Cq}lmm,Giorgio Alyoshin,galyoshinc5@edu.com,Philippines,no,Masculino,Casado,si,no,si,0
aaisthorpec6,eJ7qS<KW#J,Anabella Aisthorpe,aaisthorpec6@edu.com,Indonesia,no,Otro,Soltero,si,no,si,0
ksydesc7,fR7&UzY2v,Killian Sydes,ksydesc7@edu.com,China,no,Otro,Viudo,si,no,no,0
gwalshc8,bO9(_Q+6.C,Gilda Walsh,gwalshc8@edu.com,Cuba,si,Masculino,Soltero,si,si,no,0
aromeoc9,mY9F<U1>OB'i%'=,Audra Romeo,aromeoc9@edu.com,Germany,no,Otro,Casado,si,si,si,0
mhartyca,pA3Zsj4rP,Mile Harty,mhartyca@edu.com,Philippines,si,Femenino,Casado,si,si,si,0
wchantrellcb,aK6~hc4dAU7,Welsh Chantrell,wchantrellcb@edu.com,Russia,no,Femenino,Union libre,no,si,no,0
mcharkercc,zP4#u7C+25U,Maris Charker,mcharkercc@edu.com,Philippines,si,Otro,Divorciado,no,no,si,0
mbartoshevichcd,bU6vixM%r,Marita Bartoshevich,mbartoshevichcd@edu.com,Pakistan,no,Femenino,Union libre,no,no,no,0
bsteeplesce,mF2H2N/+#,Byrle Steeples,bsteeplesce@edu.com,France,si,Otro,Union libre,no,no,no,0
arestallcf,"sM8Uz&,Ozhgs%0",Aland Restall,arestallcf@edu.com,Sweden,no,Femenino,Union libre,no,si,no,0
atixallcg,wO4\A4=wL5U6r,Annalise Tixall,atixallcg@edu.com,Ireland,si,Femenino,Divorciado,si,si,no,0
areeksch,hK6_jS)XYH&g$,Artemas Reeks,areeksch@edu.com,Guam,si,Masculino,Casado,si,no,no,0
jjahnerci,oQ7}ex'dVs,Jaime Jahner,jjahnerci@edu.com,China,no,Otro,Divorciado,si,no,si,0
nlangerencj,iW1Q~2u%/dj,Nikos Langeren,nlangerencj@edu.com,China,si,Otro,Union libre,no,no,no,0
cpoeck,iO3|CoS6s,Cy Poe,cpoeck@edu.com,Indonesia,si,Femenino,Viudo,si,no,no,0
gdearcl,mL5_d84.7z,Garrik Dear,gdearcl@edu.com,Brazil,si,Masculino,Divorciado,no,no,si,0
igricewoodcm,lP3VIuU~@*,Isacco Gricewood,igricewoodcm@edu.com,Portugal,si,Masculino,Casado,si,no,no,0
cmcfiecn,"hV0JoTt3)z""",Carny McFie,cmcfiecn@edu.com,Philippines,si,Otro,Viudo,no,no,no,0
cmaccrachenco,qV18s|#o),Caritta MacCrachen,cmaccrachenco@edu.com,United States,no,Masculino,Casado,no,no,no,0
lelsburycp,"mI0""UHch#O",Lorry Elsbury,lelsburycp@edu.com,China,si,Otro,Union libre,si,si,si,0
dyerringtoncq,lO9~TwFsBQGvsEE,Danna Yerrington,dyerringtoncq@edu.com,Russia,no,Femenino,Divorciado,no,si,si,0
iglynnecr,"fV1RQ=""n/PR<7f1",Ingunna Glynne,iglynnecr@edu.com,Angola,no,Masculino,Casado,si,no,no,0
rsnowsillcs,bQ2Bu).(j,Rosetta Snowsill,rsnowsillcs@edu.com,Indonesia,no,Masculino,Viudo,si,no,si,0
cpestellct,yP6=W8zCI'u@4Qe,Charyl Pestell,cpestellct@edu.com,Comoros,si,Femenino,Union libre,si,si,no,0
iwildincu,aI5`l>{2+,Iseabal Wildin,iwildincu@edu.com,Portugal,no,Masculino,Viudo,no,si,si,0
ebogcv,"fY9{djp9l""ul&n",Edik Bog,ebogcv@edu.com,Australia,si,Femenino,Soltero,si,si,no,0
jdenmeadcw,hM9F1tAYuEQee',Jermaine Denmead,jdenmeadcw@edu.com,United States,no,Femenino,Casado,si,si,no,0
ctewkesburycx,aB5w@d<&!,Carmina Tewkesbury.,ctewkesburycx@edu.com,Poland,si,Otro,Viudo,no,no,si,0
athundercliffecy,rZ8O%XiTh'3_?B/,Arleta Thundercliffe,athundercliffecy@edu.com,Indonesia,si,Masculino,Soltero,no,si,no,0
llantiffcz,tB6YP2s})*ep,Lona Lantiff,llantiffcz@edu.com,Portugal,si,Masculino,Union libre,si,no,no,0
ballmondd0,xF8MtEeF.I#,Bram Allmond,ballmondd0@edu.com,American Samoa,no,Femenino,Divorciado,no,no,si,0
srimbaultd1,cP6A+98}%tK@P%`,Shaun Rimbault,srimbaultd1@edu.com,Russia,si,Otro,Union libre,si,si,no,0
mwillbourned2,zT9s+IMvix2,Milt Willbourne,mwillbourned2@edu.com,Sweden,si,Femenino,Casado,si,si,si,0
cpursegloved3,iY4~=Qyqq_!UZtg2,Carmel Purseglove,cpursegloved3@edu.com,Brazil,si,Otro,Casado,no,no,no,0
acurstond4,"dC06W7e$7bo""iGM",Anjanette Curston,acurstond4@edu.com,Costa Rica,no,Masculino,Union libre,no,no,no,0
athoumasd5,vF59KHrYS@q_R,Aubrey Thoumas,athoumasd5@edu.com,Finland,no,Otro,Divorciado,no,no,no,0
mattyd6,"jE5r@t%fTz""K",Martie Atty,mattyd6@edu.com,Philippines,si,Otro,Union libre,si,no,no,0
lkillingbeckd7,hG4Z=Jh.,Ludvig Killingbeck,lkillingbeckd7@edu.com,Brazil,si,Masculino,Divorciado,no,no,no,0
zfentemd8,zQ9XL9\x|G@W,Zarla Fentem,zfentemd8@edu.com,Philippines,si,Otro,Union libre,no,no,si,0
bgramerd9,nG7J7pMm{XTh,Boote Gramer,bgramerd9@edu.com,Brazil,no,Otro,Union libre,si,si,si,0
rstenyngda,cI6$'O=Li9.G~ch,Raimondo Stenyng,rstenyngda@edu.com,Paraguay,si,Femenino,Union libre,si,no,si,0
sproswelldb,gF0IaciEN=~Sb,Stephana Proswell,sproswelldb@edu.com,Poland,si,Otro,Casado,si,si,si,0
kworpoledc,aN9'GSS8pjjS,Kayne Worpole,kworpoledc@edu.com,Guatemala,si,Femenino,Union libre,no,si,no,0
cdorrodd,fG3zI`I)m,Cecile Dorro,cdorrodd@edu.com,Togo,no,Femenino,Soltero,si,si,si,0
bsudddardde,"aP0%,>Pr",Brittan Sudddard,bsudddardde@edu.com,Indonesia,no,Femenino,Viudo,no,si,no,0
wjossdf,xB6#?<4P{_j,Wolfy Joss,wjossdf@edu.com,China,no,Masculino,Divorciado,no,si,no,0
cfoundsdg,"zX3O4P=+}B6}#,D",Cynde Founds,cfoundsdg@edu.com,Madagascar,si,Masculino,Casado,si,si,no,0
dgatelydh,sA1P`C@c,Danny Gately,dgatelydh@edu.com,Russia,si,Masculino,Soltero,si,no,si,0
jlegertondi,qE1yWgGC6L_,Judas Legerton,jlegertondi@edu.com,Portugal,si,Femenino,Divorciado,no,si,si,0
kattridgedj,nW0lJ~0q`(lXl,Keene Attridge,kattridgedj@edu.com,Thailand,no,Femenino,Viudo,si,si,si,0
vharriottdk,jR5\zr7iwFT~c,Vance Harriott,vharriottdk@edu.com,Colombia,no,Masculino,Casado,si,no,si,0
eledl,lU29G.w=7Gx9,Eduardo Le Fevre,eledl@edu.com,Nicaragua,no,Otro,Soltero,no,no,si,0
sgraysmarkdm,"wA2A#D@l,y\P",Susanetta Graysmark,sgraysmarkdm@edu.com,Philippines,si,Otro,Casado,si,si,si,0
rkeetleydn,mB7s9VHq)K,Rhetta Keetley,rkeetleydn@edu.com,Palestinian Territory,si,Masculino,Union libre,si,si,si,0
mcurtaindo,nN4=3KFy,Madelin Curtain,mcurtaindo@edu.com,Philippines,no,Otro,Viudo,si,si,si,0
rmasserdp,nH0=y5=A_Mq5`H,Rogerio Masser,rmasserdp@edu.com,Egypt,no,Otro,Casado,no,no,si,0
fclokedq,aY0y4P?)W(>9,Flor Cloke,fclokedq@edu.com,China,no,Otro,Union libre,no,si,si,0
bgalesdr,"gU7\U)\B,w",Brose Gales,bgalesdr@edu.com,Hungary,si,Femenino,Casado,no,si,no,0
todeveyds,"mB0=xrCoRj,DfO)",Tybie O'Devey,todeveyds@edu.com,Portugal,si,Otro,Divorciado,si,no,si,0
gurridgedt,hC0pvtmg3t7v(,Gabriellia Urridge,gurridgedt@edu.com,France,si,Femenino,Viudo,si,no,si,0
tellingsworthdu,dV7EVF7WJ0,Truda Ellingsworth,tellingsworthdu@edu.com,Portugal,si,Otro,Divorciado,si,si,no,0
ldionsettidv,xC4Cb?bpe0,Lynnett Dionsetti,ldionsettidv@edu.com,China,si,Masculino,Casado,si,no,si,0
jscholfielddw,mO84U*U$,Jamison Scholfield,jscholfielddw@edu.com,Poland,no,Femenino,Viudo,no,no,no,0
aloinesdx,aU8(5jtJ4@=uZ.',Arin Loines,aloinesdx@edu.com,Philippines,si,Femenino,Divorciado,no,si,no,0
bdameiseledy,"eQ6eIG!""aQx0WZk8",Bayard Dameisele,bdameiseledy@edu.com,Argentina,si,Femenino,Soltero,no,si,no,0
ebrenstondz,lL1l\Ydi?AgO,Eolanda Brenston,ebrenstondz@edu.com,French Polynesia,si,Otro,Union libre,si,no,si,0
biwanickie0,rG5!>f'@md&.,Barclay Iwanicki,biwanickie0@edu.com,Montenegro,si,Otro,Viudo,si,si,no,0
daldene1,cR8jbAon,Dwain Alden,daldene1@edu.com,Bangladesh,no,Masculino,Casado,no,no,no,0
vszwarce2,"gH1&Ks`}4q>Mx7,*",Verla Szwarc,vszwarce2@edu.com,Iran,no,Otro,Divorciado,no,no,si,0
lsabatinie3,bP3fAWgjW4`,Laurent Sabatini,lsabatinie3@edu.com,Portugal,no,Otro,Union libre,si,si,si,0
hsambelle4,"wP53,H{YtM,/H$*",Hercules Sambell,hsambelle4@edu.com,Ukraine,no,Otro,Casado,si,no,no,0
tdranfielde5,"yQ7E=#gr~""M",Tommi Dranfield,tdranfielde5@edu.com,Indonesia,no,Femenino,Casado,no,no,no,0
bhalpene6,nF7`f?Gz,Bink Halpen,bhalpene6@edu.com,Thailand,si,Otro,Divorciado,si,si,si,0
lpococke7,kE9`zQW~j%v=,Lewie Pocock,lpococke7@edu.com,France,no,Femenino,Soltero,si,si,no,0
dclausene8,"jQ4j|6""6y.<",Delcine Clausen,dclausene8@edu.com,Reunion,si,Otro,Casado,si,no,si,0
rbrychane9,fR9q?@(K_*Lu=OT,Rayner Brychan,rbrychane9@edu.com,Indonesia,si,Femenino,Casado,no,si,no,0
dhucksterea,eR5qg>IRrEdQrE4$,Damara Huckster,dhucksterea@edu.com,Malaysia,no,Femenino,Soltero,no,si,no,0
kpietzkeeb,bZ6Uu26S39A_P4U`,King Pietzke,kpietzkeeb@edu.com,France,no,Masculino,Divorciado,si,si,si,0
cvasiliuec,"cL9{&`""*""",Carey Vasiliu,cvasiliuec@edu.com,China,si,Femenino,Soltero,si,si,si,0
kflinted,nH52U\4c'!.+,Kienan Flint,kflinted@edu.com,China,si,Masculino,Viudo,si,si,si,0
preddochee,hY7csApzJTCa,Peterus Reddoch,preddochee@edu.com,Hong Kong,si,Masculino,Union libre,no,no,si,0
mtebbettef,eO4ss{Tdf#=?,Melisande Tebbett,mtebbettef@edu.com,China,no,Masculino,Divorciado,si,no,si,0
ohallatteg,"dQ1""6h""J0'r0x<%p",Odele Hallatt,ohallatteg@edu.com,Portugal,no,Femenino,Casado,si,no,si,0
rphonixeh,cZ8.\cEsR,Rene Phonix,rphonixeh@edu.com,Philippines,si,Otro,Casado,no,no,no,0
glovelessei,yJ3j#zsgIxahG3RT,Gaynor Loveless,glovelessei@edu.com,Spain,si,Masculino,Viudo,no,si,si,0
kstovineej,cD0tdnd_{.f3Daj,Kasper Stovine,kstovineej@edu.com,Indonesia,no,Masculino,Divorciado,no,no,si,0
rhounshamek,kD8{3jDwe7SiaS,Ruddy Hounsham,rhounshamek@edu.com,China,no,Femenino,Viudo,si,no,no,0
estitsonel,"dT8t)f18,Z",Emmit Stitson,estitsonel@edu.com,Sri Lanka,no,Femenino,Divorciado,si,no,no,0
ltregennaem,mW7~PDcP=j,Lorelle Tregenna,ltregennaem@edu.com,Peru,si,Otro,Union libre,si,no,no,0
wgyorffyen,eF0$Z{9w1mToy(}Q,Weidar Gyorffy,wgyorffyen@edu.com,Indonesia,no,Masculino,Union libre,no,si,no,0
clackeo,gL0.Dv@3F|,Conchita Lack,clackeo@edu.com,Indonesia,no,Femenino,Divorciado,no,si,si,0
ddonhardtep,zY4G~)?LPAuI'rD,Dyanna Donhardt,ddonhardtep@edu.com,Brazil,no,Otro,Union libre,no,si,no,0
mliveseyeq,vL5G@LB9=SAWL~5?,Minda Livesey,mliveseyeq@edu.com,Latvia,si,Masculino,Soltero,si,no,si,0
srobertuccier,tF3h'{Cxj(E6LR,Sam Robertucci,srobertuccier@edu.com,China,si,Otro,Divorciado,si,si,si,0
clukinses,kH2f`Z2kq.n,Chelsie Lukins,clukinses@edu.com,Mexico,si,Otro,Union libre,no,si,no,0
hfochset,zP1Mr1AJ,Harlie Fochs,hfochset@edu.com,Azerbaijan,si,Otro,Union libre,no,no,no,0
cdurdeneu,uQ1o=A_K|j,Christophorus Durden,cdurdeneu@edu.com,Ethiopia,si,Otro,Divorciado,no,no,no,0
bchevalierev,gB1J#\ZI)*~0hO|u,Blinnie Chevalier,bchevalierev@edu.com,Italy,si,Femenino,Casado,no,si,si,0
aharveyew,kK5JOUbmrC,Agna Harvey,aharveyew@edu.com,Russia,no,Femenino,Soltero,no,si,si,0
vnesbethex,zN8zd)#vb\cv'C,Verney Nesbeth,vnesbethex@edu.com,Pakistan,si,Masculino,Casado,no,si,no,0
rcowilley,sD0C3Z`AN6Sn9QX,Ransell Cowill,rcowilley@edu.com,Japan,si,Femenino,Divorciado,no,no,si,0
ljosseez,pK2j8<rWO@`X~#H,Lavina Josse,ljosseez@edu.com,Luxembourg,si,Femenino,Divorciado,no,si,no,0
dpietrzakf0,yH6ahZ``Zgj2>Nhz,Durward Pietrzak,dpietrzakf0@edu.com,Uganda,si,Otro,Soltero,no,si,no,0
efalshawf1,mG8\(<`@JY$@,Erv Falshaw,efalshawf1@edu.com,Morocco,no,Otro,Viudo,si,si,no,0
mmoehlerf2,fJ0P\R01V'gKN,Marys Moehler,mmoehlerf2@edu.com,United States,si,Otro,Soltero,no,si,no,0
tmatskevichf3,eD3R)5EP_(Iv%C,Tine Matskevich,tmatskevichf3@edu.com,Thailand,si,Otro,Casado,no,no,si,0
broystonf4,cH8h<ypR4,Bibbye Royston,broystonf4@edu.com,Nicaragua,si,Masculino,Union libre,no,si,si,0
msagarf5,hB4}wxftj,Margeaux Sagar,msagarf5@edu.com,France,si,Masculino,Soltero,si,si,si,0
adef6,zX7\bT3DM<?A,Alic De Meis,adef6@edu.com,Thailand,si,Otro,Viudo,no,si,no,0
amacpeicef7,hS1<PwK.',Amberly MacPeice,amacpeicef7@edu.com,Indonesia,si,Femenino,Soltero,no,si,si,0
rkerriganf8,zD6uH72{?L3NQ,Roselia Kerrigan,rkerriganf8@edu.com,Honduras,no,Otro,Casado,no,no,no,0
bcornilleauf9,iS8uzDEA!+6?1K,Brigit Cornilleau,bcornilleauf9@edu.com,Argentina,no,Femenino,Union libre,no,si,si,0
ssiburnfa,fZ9VWW~H,Sloane Siburn,ssiburnfa@edu.com,Sweden,no,Masculino,Soltero,si,si,si,0
erolphfb,mE9@izb?7m,Emelyne Rolph,erolphfb@edu.com,Indonesia,si,Femenino,Union libre,no,si,si,0
wolivellafc,qX4j6bvr8!a*,Wadsworth Olivella,wolivellafc@edu.com,Peru,si,Femenino,Soltero,si,no,no,0
clemonfd,"mN3ovvJG$pV48""",Clari Lemon,clemonfd@edu.com,Poland,si,Femenino,Union libre,si,si,si,0
ialpsfe,"qH1iQ""bqr",Ivett Alps,ialpsfe@edu.com,Iran,si,Femenino,Soltero,no,si,si,0
rcripinff,rZ6A>@f#~mXb_,Rolland Cripin,rcripinff@edu.com,Indonesia,si,Femenino,Soltero,no,si,no,0
fvalenssmithfg,qB8z~Um(i+?Gy_,Farica Valens-Smith,fvalenssmithfg@edu.com,Indonesia,no,Femenino,Casado,si,si,si,0
hlavisfh,zO5m}hUI78,Hayward Lavis,hlavisfh@edu.com,Kazakhstan,si,Otro,Union libre,no,si,si,0
mfordyfi,rU5\xyl\tSmu,Maximo Fordy,mfordyfi@edu.com,China,si,Masculino,Soltero,no,si,si,0
gsesserfj,cL6Aj+nSUcV$W$4,Giovanna Sesser,gsesserfj@edu.com,Albania,si,Otro,Soltero,no,si,si,0
bellsomfk,lR8N}buH{H$,Bettine Ellsom,bellsomfk@edu.com,Japan,no,Femenino,Divorciado,si,no,no,0
bpaolettofl,"yX7""?.rq",Beck Paoletto,bpaolettofl@edu.com,China,no,Femenino,Casado,si,no,si,0
thuskefm,cJ0Nb9I6#YmnNgw,Tuesday Huske,thuskefm@edu.com,China,no,Femenino,Soltero,no,si,no,0
churdmanfn,sM8$jL*Zz3B,Caria Hurdman,churdmanfn@edu.com,Chile,si,Femenino,Union libre,si,si,no,0
cyakoboviczfo,wK2Nv9APXB}Z,Charmaine Yakobovicz,cyakoboviczfo@edu.com,China,no,Femenino,Union libre,no,si,no,0
ndomeneyfp,cR53*`Q$o4X,Norton Domeney,ndomeneyfp@edu.com,Russia,si,Otro,Viudo,no,no,si,0
hbreinleinfq,qX3SMH~1}TBh!b+4,Hedda Breinlein,hbreinleinfq@edu.com,Indonesia,si,Otro,Casado,si,si,no,0
groncifr,oM8AL=i@`,Gunther Ronci,groncifr@edu.com,China,no,Masculino,Union libre,no,si,no,0
sranyardfs,oV7b@_/kOI_o,Shela Ranyard,sranyardfs@edu.com,Philippines,si,Femenino,Divorciado,si,si,si,0
jhawksbyft,qD6R95@uzN,Job Hawksby,jhawksbyft@edu.com,Greece,no,Masculino,Union libre,no,si,no,0
fpilkingtonfu,jW5kE1b#(3qKu8,Flor Pilkington,fpilkingtonfu@edu.com,Haiti,si,Femenino,Soltero,si,no,si,0
bshotboultefv,gY5omI#$R0,Branden Shotboulte,bshotboultefv@edu.com,China,no,Masculino,Union libre,si,si,si,0
mlarterfw,lT52(dc!lA.`),Martina Larter,mlarterfw@edu.com,Moldova,no,Masculino,Soltero,no,si,si,0
jdriolifx,sH2W1{7AE@w*h,Jolynn Drioli,jdriolifx@edu.com,China,si,Masculino,Union libre,si,no,si,0
dpautotfy,"hG1)NS""t\BW",Duke Pautot,dpautotfy@edu.com,China,no,Otro,Divorciado,no,si,no,0
lquaylefz,jG8j#mI<VRA|kmu,Lowrance Quayle,lquaylefz@edu.com,China,si,Femenino,Viudo,no,si,si,0
dclaricoatesg0,uA2@wgVK_,Dela Claricoates,dclaricoatesg0@edu.com,Russia,no,Masculino,Divorciado,si,no,si,0
achristoug1,xY4KddKzIn@@,Andeee Christou,achristoug1@edu.com,Cuba,si,Masculino,Viudo,no,si,si,0
ddowntong2,tH6Rbk>m/p*T{Vq,Dulce Downton,ddowntong2@edu.com,Japan,no,Femenino,Viudo,no,si,no,0
ndannehlg3,yC8ITtshYSV}55A,Nanete Dannehl,ndannehlg3@edu.com,Czech Republic,si,Masculino,Divorciado,si,no,no,0
jhulettg4,mS4EhKNSj=?Q9,Janine Hulett,jhulettg4@edu.com,United States,no,Masculino,Divorciado,no,si,no,0
dboyerg5,"aW1GXHg""!pn",Dilly Boyer,dboyerg5@edu.com,Syria,no,Masculino,Viudo,si,si,si,0
ccaplang6,wC4h'N|&G{6q!z4_,Christie Caplan,ccaplang6@edu.com,Iran,si,Masculino,Divorciado,no,no,si,0
rsidryg7,wU2N)SlG1a#y,Rica Sidry,rsidryg7@edu.com,Mexico,no,Otro,Union libre,no,no,si,0
ccohang8,"yB8+v,/}@E6DrF{.",Consalve Cohan,ccohang8@edu.com,Ukraine,no,Masculino,Divorciado,no,si,si,0
ipeartreeg9,"lP2,R*R,/ib*x",Iorgos Peartree,ipeartreeg9@edu.com,Indonesia,si,Femenino,Soltero,no,si,si,0
dmcga,rN4VfDQi,Devy Mc Corley,dmcga@edu.com,Iran,si,Masculino,Union libre,no,si,si,0
dwrightgb,bW2IVn6/!M*,Dud Wright,dwrightgb@edu.com,Indonesia,no,Femenino,Casado,no,no,si,0
etruelovegc,kK8Rr47m,Ellene Truelove,etruelovegc@edu.com,Indonesia,si,Otro,Divorciado,si,si,no,0
csandavergd,qJ1aK}EwE}DU#f,Cindee Sandaver,csandavergd@edu.com,Tunisia,no,Masculino,Casado,no,si,si,0
ieastmentge,uH7.c<wo4V)??(Z,Idell Eastment,ieastmentge@edu.com,China,si,Masculino,Viudo,si,si,si,0
fschottgf,sE6yHql5b{,Fayina Schott,fschottgf@edu.com,Canada,no,Femenino,Casado,si,si,no,0
rmarvingg,mO8nVqCd1su,Robyn Marvin,rmarvingg@edu.com,Indonesia,no,Femenino,Soltero,si,si,si,0
dpatchinggh,lG1U5_me$4Q(s?,Drona Patching,dpatchinggh@edu.com,Mexico,no,Femenino,Casado,no,si,no,0
amckinneygi,pE0w=K)8@,Alfons McKinney,amckinneygi@edu.com,United States,si,Otro,Union libre,si,si,si,0
dchristallgj,"hQ5,UcQEX",Dael Christall,dchristallgj@edu.com,France,no,Masculino,Divorciado,no,si,no,0
cputtnamgk,sX3%35MywUmok$&(,Cicely Puttnam,cputtnamgk@edu.com,Micronesia,no,Femenino,Casado,no,si,no,0
ainglestongl,hL7naRgULsO3~1y<,Aubert Ingleston,ainglestongl@edu.com,Philippines,no,Femenino,Casado,no,si,si,0
rdodwellgm,yP8DBqQIHHi#,Randene Dodwell,rdodwellgm@edu.com,Czech Republic,no,Femenino,Soltero,si,no,no,0
adesantisgn,iT1Q\R.hZ6GN6K|@,Aidan Desantis,adesantisgn@edu.com,United States,si,Otro,Union libre,si,si,si,0
rvongo,sA5>+y2EB4,Roanna von Hagt,rvongo@edu.com,Peru,no,Masculino,Union libre,no,si,si,0
bteuliergp,vD0r#'|sO,Brien Teulier,bteuliergp@edu.com,Sweden,no,Masculino,Viudo,si,no,si,0
ryakutingq,"sW77E,oieSjhE@",Rene Yakutin,ryakutingq@edu.com,China,si,Femenino,Casado,no,si,si,0
cshortangr,dW3`.>&cF,Clara Shortan,cshortangr@edu.com,South Africa,no,Otro,Union libre,si,no,no,0
jcoathamgs,rN3`<=Q@3z,Jenilee Coatham,jcoathamgs@edu.com,Indonesia,si,Masculino,Viudo,no,si,si,0
bgraveneygt,fA7eL/=#,Blisse Graveney,bgraveneygt@edu.com,China,no,Otro,Soltero,si,si,si,0
acoolahangu,pA5+_Mv<5Ey},Ambrosio Coolahan,acoolahangu@edu.com,Zimbabwe,si,Otro,Divorciado,no,si,si,0
agiocannonigv,cO9cR3ozP2,Alix Giocannoni,agiocannonigv@edu.com,Peru,si,Femenino,Union libre,no,si,no,0
lpagongw,zQ6@ITJbDX7m,Lindon Pagon,lpagongw@edu.com,Azerbaijan,no,Masculino,Union libre,si,no,no,0
kbreachgx,aM3ghB#1r,Kellyann Breach,kbreachgx@edu.com,Saudi Arabia,no,Femenino,Divorciado,si,no,si,0
ealesgy,wB7Au*+e/e@6q,Emogene Ales,ealesgy@edu.com,France,no,Femenino,Union libre,si,no,no,0
bneenangz,"bO0*fx~Fs({ho,",Bendite Neenan,bneenangz@edu.com,China,no,Femenino,Divorciado,si,no,no,0
emeighh0,"sE5,ds=>wY(",Etty Meigh,emeighh0@edu.com,Albania,si,Femenino,Union libre,no,no,si,0
fgrolmannh1,aF8MNzb0$r9,Fonz Grolmann,fgrolmannh1@edu.com,China,si,Otro,Union libre,si,no,si,0
nobreenh2,rB33zA%SIZ*@,Niko O'Breen,nobreenh2@edu.com,Bangladesh,no,Masculino,Viudo,no,si,si,0
rsnoddinh3,sO80qbR4T6G'r>,Ruthie Snoddin,rsnoddinh3@edu.com,Portugal,no,Otro,Soltero,no,si,no,0
aranfieldh4,iE6ZY*=V}P,Ashla Ranfield,aranfieldh4@edu.com,Japan,si,Otro,Casado,si,si,no,0
hlabitth5,"eR7O\RgZAH4,F1",Henri Labitt,hlabitth5@edu.com,Peru,no,Femenino,Viudo,no,no,no,0
mcomelloh6,"jZ92hy\z0,",Miguelita Comello,mcomelloh6@edu.com,China,si,Femenino,Divorciado,no,si,si,0
bbaystingh7,gK2g9?w9<@,Bendite Baysting,bbaystingh7@edu.com,Indonesia,no,Otro,Union libre,si,si,si,0
abernardonh8,"oE8AC,(7",Anastasia Bernardon,abernardonh8@edu.com,China,no,Masculino,Casado,si,si,si,0
mstinchcombeh9,jX7dVr(6fyM1,Marc Stinchcombe,mstinchcombeh9@edu.com,Indonesia,si,Masculino,Soltero,si,no,no,0
lcompsonha,"oV9gJtG3vofkt3""",Levi Compson,lcompsonha@edu.com,Indonesia,si,Otro,Casado,si,no,si,0
ljanekhb,dH7aOdTze5,Lyman Janek,ljanekhb@edu.com,Portugal,no,Femenino,Union libre,no,si,si,0
dgershomhc,aE5m)HNs2uE6~#,Davie Gershom,dgershomhc@edu.com,Bangladesh,no,Otro,Soltero,si,no,no,0
jcrippeshd,iW5m}z?RJ0}P,Jennica Crippes,jcrippeshd@edu.com,Greece,no,Masculino,Soltero,si,no,si,0
sroehe,qJ68fog9JxO&*{ic,Saidee Roe,sroehe@edu.com,Bangladesh,no,Femenino,Viudo,no,si,no,0
cbramehf,"eV9,=""ku/QT'",Cassie Brame,cbramehf@edu.com,Mongolia,no,Masculino,Casado,no,si,no,0
cbladonhg,vA3Me5*%}$n,Cornela Bladon,cbladonhg@edu.com,Indonesia,si,Otro,Soltero,si,si,si,0
tharvisonhh,yH5{vXc!pL?Rd},Tildie Harvison,tharvisonhh@edu.com,Portugal,no,Femenino,Viudo,si,no,no,0
zearlehi,"kN5>+iLcpYiY,5om",Zoe Earle,zearlehi@edu.com,Russia,si,Femenino,Viudo,si,si,no,0
fsargehj,lD7$2/2lD$,Farrell Sarge,fsargehj@edu.com,Philippines,no,Femenino,Union libre,no,si,no,0
mfulgerhk,mM7#N4LWweAAKY,Mira Fulger,mfulgerhk@edu.com,Russia,si,Otro,Union libre,si,no,no,0
hfaircleyhl,lL7Go3H8Lq+kvOJ,Hilly Faircley,hfaircleyhl@edu.com,Sweden,no,Otro,Soltero,no,no,si,0
freedickhm,hG4_=VN>vK5r28O,Fairfax Reedick,freedickhm@edu.com,Nigeria,si,Otro,Viudo,no,no,si,0
amuschettehn,cX2tguxy+6,Amabelle Muschette,amuschettehn@edu.com,Brazil,no,Masculino,Divorciado,no,no,no,0
cbarthrupho,sZ7idm??Z,Clarice Barthrup,cbarthrupho@edu.com,Libya,si,Otro,Casado,si,si,si,0
burehp,oA1Y7/8xVO2,Bale Ure,burehp@edu.com,China,no,Masculino,Union libre,si,no,no,0
coheneryhq,rI9iL?L_,Christophe O'Henery,coheneryhq@edu.com,China,no,Otro,Divorciado,no,si,si,0
cfatherhr,bH9PboQ@uKQ`}iN,Carolyne Father,cfatherhr@edu.com,Philippines,si,Femenino,Divorciado,no,no,no,0
blodyhs,qA8$a8=*,Bendix Lody,blodyhs@edu.com,Botswana,no,Masculino,Viudo,si,si,si,0
dphearht,kP3I}y3X5=,Deeann Phear,dphearht@edu.com,Sweden,si,Femenino,Casado,no,no,si,0
nbartoshu,uI4t!qq_mb',Natalina Bartos,nbartoshu@edu.com,Belgium,no,Femenino,Soltero,si,no,si,0
ediblehv,wA6ln7WBvU,Elfrida Dible,ediblehv@edu.com,Indonesia,si,Otro,Soltero,no,no,si,0
dcammellhw,zT1yn5qR,Dominick Cammell,dcammellhw@edu.com,Morocco,no,Masculino,Divorciado,si,no,no,0
flangstonehx,aT8#k0OW,Felipa Langstone,flangstonehx@edu.com,Slovenia,si,Masculino,Casado,no,no,si,0
bstiellhy,rI8>@>~oS,Brennen Stiell,bstiellhy@edu.com,Russia,no,Femenino,Soltero,si,si,no,0
acasillashz,"vD7C~Mhmrh,uK8",Alis Casillas,acasillashz@edu.com,China,no,Femenino,Casado,si,si,no,0
dgligoracii0,vN9tHTRX>Zqq,Delmer Gligoraci,dgligoracii0@edu.com,Yemen,no,Femenino,Union libre,no,si,no,0
hswainei1,aY355.J#?b(SSwr,Hobey Swaine,hswainei1@edu.com,Mongolia,no,Otro,Viudo,no,no,si,0
tmardalli2,"yK63Qq&(bC.""",Tiffy Mardall,tmardalli2@edu.com,Croatia,si,Otro,Casado,si,si,si,0
wcaldaroi3,lG4!GTXKt7TZ,Wallie Caldaro,wcaldaroi3@edu.com,China,no,Femenino,Viudo,no,no,no,0
brappsi4,tC34Xs%KD,Bobine Rapps,brappsi4@edu.com,Honduras,no,Femenino,Soltero,no,si,si,0
bdumbarei5,"xJ5=F~/KBi,",Babita Dumbare,bdumbarei5@edu.com,Czech Republic,si,Otro,Divorciado,si,si,si,0
fdriveri6,cA1`Y7X*>,Faunie Driver,fdriveri6@edu.com,Philippines,no,Femenino,Soltero,no,no,no,0
rmebesi7,eV7p98Ou8,Rip Mebes,rmebesi7@edu.com,Russia,no,Femenino,Soltero,si,si,si,0
jpurshousei8,cO56uvOzG%w|9#,Jody Purshouse,jpurshousei8@edu.com,China,si,Femenino,Union libre,si,no,no,0
mambrogioi9,dH85!.Aq,Minette Ambrogio,mambrogioi9@edu.com,Luxembourg,si,Otro,Union libre,no,no,no,0
ceisoldia,hS3{I{?Z{{nKbmn,Chelsae Eisold,ceisoldia@edu.com,China,si,Masculino,Soltero,no,si,no,0
viansonib,oP2sDeRj~eVg',Vern Ianson,viansonib@edu.com,Pakistan,si,Masculino,Soltero,no,si,si,0
eivanshintsevic,kH1HquZj5Jg,Emma Ivanshintsev,eivanshintsevic@edu.com,Poland,no,Otro,Divorciado,no,si,si,0
opeterid,aB8Km5%6,Oralie Peter,opeterid@edu.com,Poland,si,Otro,Divorciado,si,no,no,0
gmalletrattie,qP0i0s|?B4I,Gwenny Malletratt,gmalletrattie@edu.com,Bulgaria,si,Femenino,Soltero,si,no,si,0
mgasperoif,sJ6*rmTs,Mac Gaspero,mgasperoif@edu.com,Indonesia,no,Femenino,Soltero,no,no,no,0
nturbillig,mE1QZXJ@Y3gUA,Neill Turbill,nturbillig@edu.com,Palestinian Territory,no,Otro,Casado,si,no,si,0
togilbyih,xE8mk_o1nu%v+s,Torrance Ogilby,togilbyih@edu.com,Thailand,si,Femenino,Casado,si,no,si,0
bselveyii,eW4bEqlEUecB,Bennie Selvey,bselveyii@edu.com,Poland,si,Masculino,Divorciado,si,no,si,0
cdieganij,"kY817R9,",Caitrin Diegan,cdieganij@edu.com,Indonesia,si,Masculino,Soltero,si,no,si,0
caichesonik,kF7.xCeFL%rR@3J,Carmine Aicheson,caichesonik@edu.com,China,si,Otro,Divorciado,no,si,si,0
bpratteil,xX3_B{M\,Buck Pratte,bpratteil@edu.com,Russia,no,Femenino,Viudo,no,no,no,0
cgrigorushkinim,mA41>kaT,Casar Grigorushkin,cgrigorushkinim@edu.com,Tunisia,si,Otro,Viudo,si,si,no,0
mwicklingin,wF90q9WA,Margarete Wickling,mwicklingin@edu.com,Philippines,no,Femenino,Divorciado,si,si,si,0
ypoyzerio,"xZ9p""dOUd",Yorke Poyzer,ypoyzerio@edu.com,Argentina,no,Otro,Divorciado,no,no,si,0
bcanetip,eY7gv<<mL%,Brittany Canet,bcanetip@edu.com,Russia,no,Otro,Union libre,no,no,si,0
epiwelliq,"dC3j69P,#4%",Ethelyn Piwell,epiwelliq@edu.com,Nigeria,no,Otro,Soltero,no,si,no,0
ablackahir,tO2#c1XaEp+,Amil Blackah,ablackahir@edu.com,Indonesia,no,Otro,Soltero,si,si,no,0
aphillippsis,tS8CO/\oh,Annabal Phillipps,aphillippsis@edu.com,Indonesia,no,Femenino,Divorciado,no,no,no,0
bklawiit,tA1D.Y7fo`.7,Barbi Klawi,bklawiit@edu.com,Indonesia,si,Otro,Divorciado,no,no,no,0
malleyneiu,kM2NwNOlBxe_5,Murielle Alleyne,malleyneiu@edu.com,Saudi Arabia,si,Femenino,Soltero,no,si,no,0
tjakubowskyiv,sD3ymtChoBv,Tammy Jakubowsky,tjakubowskyiv@edu.com,South Africa,no,Masculino,Casado,si,no,no,0
mstowiw,zF7w(NT8fnkDq~b,Maiga Stow,mstowiw@edu.com,Indonesia,si,Otro,Soltero,si,si,no,0
lsidleix,qM7$g7IR},Liuka Sidle,lsidleix@edu.com,China,si,Otro,Divorciado,no,no,no,0
rmacclintoniy,uQ6Ey73xT,Reinhard MacClinton,rmacclintoniy@edu.com,Philippines,si,Masculino,Soltero,no,no,no,0
hbubbeariz,sU0@e14KWH+,Hadley Bubbear,hbubbeariz@edu.com,Russia,no,Masculino,Divorciado,no,no,si,0
cdullinghamj0,dX0$Ec3REv,Chantalle Dullingham,cdullinghamj0@edu.com,Indonesia,no,Otro,Viudo,no,si,si,0
gsheppeyj1,oI9&U{q<1,Griffith Sheppey,gsheppeyj1@edu.com,Czech Republic,no,Otro,Casado,no,no,no,0
mgooderickj2,aB8pWE5S@{/,Miriam Gooderick,mgooderickj2@edu.com,Pakistan,no,Masculino,Casado,si,no,no,0
akruschevj3,"aD1c($ma>u~3$S,",Anestassia Kruschev,akruschevj3@edu.com,Brazil,no,Masculino,Viudo,si,si,si,0
amasseyj4,tX1n8=aIQ_Kkh&,Allistir Massey,amasseyj4@edu.com,Kuwait,no,Masculino,Viudo,si,no,si,0
rraynardj5,pV0hAz}R!DCf,Ram Raynard,rraynardj5@edu.com,Argentina,si,Masculino,Soltero,no,si,si,0
sstoitej6,uV7=|D#O,Sibel Stoite,sstoitej6@edu.com,Indonesia,no,Masculino,Soltero,si,si,si,0
estorrahj7,oM2MT.13C(_,Emmy Storrah,estorrahj7@edu.com,China,no,Masculino,Casado,no,no,no,0
tgallagherj8,zX4L~{jd@mJ,Timmy Gallagher,tgallagherj8@edu.com,China,no,Otro,Divorciado,si,no,no,0
bthodayj9,gR0M?DA`3e/+(0i,Beatrice Thoday,bthodayj9@edu.com,Poland,no,Femenino,Viudo,si,no,no,0
fblabberja,lP0\1_~SWYk.,Filmer Blabber,fblabberja@edu.com,China,si,Otro,Union libre,si,no,no,0
cpriestnerjb,dC3Bx4oq,Christen Priestner,cpriestnerjb@edu.com,Portugal,no,Otro,Soltero,si,si,no,0
jiffejc,hJ5Go)_r*A0+Zjl|,Jammie Iffe,jiffejc@edu.com,Mongolia,no,Otro,Viudo,no,no,no,0
hfranzonettijd,nT5%m2pJITOV<b,Herc Franzonetti,hfranzonettijd@edu.com,Switzerland,no,Otro,Soltero,si,si,si,0
nosbournje,hV2Ie$5iluwZzX|P,Ninnette Osbourn,nosbournje@edu.com,Canada,si,Femenino,Viudo,si,no,no,0
cbaumfordjf,dF1553{y2bg{F,Craggie Baumford,cbaumfordjf@edu.com,Indonesia,si,Otro,Viudo,si,no,no,0
pcurthoysjg,bK1geuVVxd#`l'*@,Prissie Curthoys,pcurthoysjg@edu.com,Zambia,no,Masculino,Soltero,si,no,no,0
gfilyakovjh,uU4Ak@DEnlyI,Georgeanna Filyakov,gfilyakovjh@edu.com,China,no,Femenino,Soltero,si,no,si,0
sredrupji,hZ2a3Qrr9,Silvie Redrup,sredrupji@edu.com,Jamaica,si,Masculino,Soltero,si,si,no,0
cgapperjj,mA8bb5s=O1,Cesya Gapper,cgapperjj@edu.com,Egypt,si,Masculino,Viudo,no,no,si,0
mblenkhornjk,sR8w\zUR6s1T(,Meghan Blenkhorn,mblenkhornjk@edu.com,Iran,no,Otro,Union libre,si,si,no,0
omcgouganjl,bU0u2s\C?{b+,Olimpia McGougan,omcgouganjl@edu.com,Thailand,si,Masculino,Union libre,no,si,si,0
hcoggilljm,"lQ1y""""UT4iI",Harwilll Coggill,hcoggilljm@edu.com,United States,si,Otro,Union libre,si,no,si,0
asallerjn,aQ3?<g5_K/..h,Althea Saller,asallerjn@edu.com,United States,si,Otro,Casado,si,si,no,0
hworraljo,xA5@`jPgz}Q`dV,Hannah Worral,hworraljo@edu.com,China,no,Femenino,Soltero,si,no,si,0
bburchilljp,fQ6D5~57Ni\0tu2,Bruis Burchill,bburchilljp@edu.com,China,si,Otro,Union libre,si,si,si,0
alydiardjq,mG9ozmFr8PIl,Adrea Lydiard,alydiardjq@edu.com,Thailand,si,Masculino,Divorciado,no,si,no,0
rclearjr,jI4V11hhjVS({MTO,Reggy Clear,rclearjr@edu.com,Poland,no,Masculino,Union libre,si,no,no,0
cjobsonjs,kU5iswf%qY2g{LM&,Carlita Jobson,cjobsonjs@edu.com,Indonesia,si,Otro,Casado,si,no,no,0
adunridgejt,jB8%89kCiAbn34T,Ambros Dunridge,adunridgejt@edu.com,Saint Kitts and Nevis,si,Otro,Soltero,si,si,si,0
msatcherju,aZ2aCRvF,Marlin Satcher,msatcherju@edu.com,U.S. Virgin Islands,si,Femenino,Viudo,no,si,si,0
cpetherickjv,"qJ7\<=w"")f",Christean Petherick,cpetherickjv@edu.com,Peru,no,Otro,Union libre,no,si,si,0
lranklinjw,jG6+jzTz?,Linet Ranklin,lranklinjw@edu.com,United Kingdom,si,Masculino,Union libre,si,si,no,0
gpiscopellojx,zF6m=3.9(D@F3,Gaston Piscopello,gpiscopellojx@edu.com,Russia,si,Femenino,Divorciado,si,no,si,0
njacquestjy,"vX9daVNO(/.,fbe",Natty Jacquest,njacquestjy@edu.com,China,si,Masculino,Union libre,si,si,no,0
ohartshornejz,zQ9M1tw4,Ora Hartshorne,ohartshornejz@edu.com,Tanzania,si,Femenino,Soltero,no,si,no,0
tpatifieldk0,"vR85?dv2tP""'h",Tomlin Patifield,tpatifieldk0@edu.com,Sweden,no,Otro,Union libre,si,si,si,0
ktouzeyk1,bP9#W~T3at|,Kessia Touzey,ktouzeyk1@edu.com,Philippines,si,Femenino,Union libre,no,no,si,0
pbalazink2,fH2F..|)_emfwXz,Portie Balazin,pbalazink2@edu.com,Philippines,si,Masculino,Union libre,si,no,no,0
comalleyk3,"pH3x.,gm|Q@>zsJC",Charlotta O'Malley,comalleyk3@edu.com,France,no,Femenino,Casado,si,no,si,0
twoofendellk4,hU0A't6451=O,Tova Woofendell,twoofendellk4@edu.com,France,no,Femenino,Casado,no,no,no,0
etunnk5,gP1K9q/iX,Emyle Tunn,etunnk5@edu.com,Japan,si,Masculino,Soltero,si,no,si,0
lfollisk6,wJ6`rGuGE5,Lauree Follis,lfollisk6@edu.com,Norway,si,Femenino,Viudo,si,si,si,0
spetettk7,lM47&Kn=BLo,Sybilla Petett,spetettk7@edu.com,Japan,si,Otro,Soltero,no,si,no,0
rrouncek8,wM1bG8(M8@r8iv,Roi Rounce,rrouncek8@edu.com,Indonesia,si,Femenino,Divorciado,no,si,si,0
kkremerk9,"oE7`""=`89G",Keelby Kremer,kkremerk9@edu.com,Russia,si,Femenino,Divorciado,si,si,no,0
adatteka,qQ4ilH1~iOAdPtT_,Alla Datte,adatteka@edu.com,Poland,no,Femenino,Soltero,si,no,no,0
cgerreltkb,wX2\Y%=YUA,Cloe Gerrelt,cgerreltkb@edu.com,Czech Republic,no,Masculino,Union libre,si,no,no,0
lsizlandkc,oU2M}|*Vuj%,Lydia Sizland,lsizlandkc@edu.com,Mongolia,si,Masculino,Divorciado,no,no,si,0
cfolcakd,mR0D1a\YIRby<,Caesar Folca,cfolcakd@edu.com,France,si,Masculino,Soltero,no,no,si,0
icollettke,aX4)1tMH|kFN,Ilario Collett,icollettke@edu.com,Malaysia,si,Masculino,Viudo,no,si,no,0
adeblekf,uX0|BbR#px,Artur Deble,adeblekf@edu.com,Germany,si,Masculino,Divorciado,si,si,no,0
rschlagkg,dB7)j{J_JzRQG,Rasia Schlag,rschlagkg@edu.com,Serbia,si,Otro,Soltero,no,si,si,0
gmacandrewkh,aY8$@Y6((zQ.,Gracie MacAndrew,gmacandrewkh@edu.com,China,si,Otro,Soltero,si,no,si,0
lstepneyki,qE4{v**ap7NC,Lillian Stepney,lstepneyki@edu.com,Malaysia,si,Masculino,Divorciado,no,si,si,0
lohrtmannkj,wD1GylUw/kG!2Q,Laina Ohrtmann,lohrtmannkj@edu.com,Gambia,no,Femenino,Union libre,si,si,no,0
fvankk,tH8RYS=3S6P,Freemon Van Niekerk,fvankk@edu.com,Russia,si,Masculino,Divorciado,no,no,no,0
lblessedkl,eF0J/kaDUP5vz&GK,Lamar Blessed,lblessedkl@edu.com,Mexico,no,Masculino,Viudo,si,si,no,0
lstiffkinskm,tE3jb&53N``,Lewie Stiffkins,lstiffkinskm@edu.com,Philippines,no,Masculino,Casado,si,no,no,0
mellermankn,lY57H's?k,Miguela Ellerman,mellermankn@edu.com,China,si,Masculino,Casado,si,no,no,0
ebarkeko,fF8ZXHK_8hnwg,Ernest Barke,ebarkeko@edu.com,China,no,Otro,Soltero,no,no,si,0
afelthamkp,zR3|dHM_w,Aurelia Feltham,afelthamkp@edu.com,Estonia,si,Femenino,Union libre,no,si,si,0
rfidelekq,aY7>ULYMP,Reuven Fidele,rfidelekq@edu.com,Peru,si,Femenino,Casado,si,no,no,0
ecrossbykr,iP7LNCgrUhqQH},Eldon Crossby,ecrossbykr@edu.com,France,si,Otro,Union libre,si,si,si,0
lmoutrayks,fV8WN#V3,Ladonna Moutray Read,lmoutrayks@edu.com,Indonesia,si,Masculino,Divorciado,no,no,no,0
nwarenkt,mM3+6}%~,Nicole Waren,nwarenkt@edu.com,Finland,si,Otro,Viudo,no,no,no,0
rabadeku,vZ75V&7yP%3_l@Fo,Rabbi Abade,rabadeku@edu.com,Central African Republic,si,Otro,Viudo,si,no,si,0
mlinacrekv,sT0qluW#4.!QfP,Moll Linacre,mlinacrekv@edu.com,Indonesia,si,Femenino,Viudo,si,no,no,0
agregonkw,vS6'l93WBCzY,Allianora Gregon,agregonkw@edu.com,Indonesia,si,Masculino,Divorciado,si,no,no,0
aknightskx,mC9oB?4<,Ariadne Knights,aknightskx@edu.com,Poland,no,Otro,Casado,no,si,no,0
acherrieky,iV2h%Q}d,Arline Cherrie,acherrieky@edu.com,Peru,si,Femenino,Soltero,si,no,si,0
cloraitkz,qW9V<3jVsYx|d9,Corinne Lorait,cloraitkz@edu.com,Philippines,no,Otro,Soltero,si,no,si,0
wspadonil0,"iP1k`lIX7,Q()",Wilone Spadoni,wspadonil0@edu.com,Philippines,si,Otro,Soltero,no,no,no,0
ceastburyl1,"vA8b/hk0J""",Carmencita Eastbury,ceastburyl1@edu.com,Russia,no,Otro,Casado,no,si,no,0
jjuschkal2,lE4H(Y#{nl,Julio Juschka,jjuschkal2@edu.com,Indonesia,no,Otro,Casado,no,si,no,0
jmorriartyl3,"eO3&/@V*AYNYdxO,",Joni Morriarty,jmorriartyl3@edu.com,Indonesia,no,Masculino,Soltero,si,no,si,0
ereedshawl4,cL6KM5\@D,Eirena Reedshaw,ereedshawl4@edu.com,Czech Republic,no,Femenino,Casado,si,si,si,0
btopleyl5,tL8P/6OY'k},Beale Topley,btopleyl5@edu.com,Honduras,no,Femenino,Viudo,si,no,no,0
cleadstonl6,kL5)VggviT0,Christabel Leadston,cleadstonl6@edu.com,Indonesia,no,Femenino,Casado,si,no,no,0
apursehousel7,fG1l~K6Ymp1z<',Abby Pursehouse,apursehousel7@edu.com,Peru,no,Otro,Soltero,no,si,si,0
khodginl8,aJ3wu2a!9#rKV,Kelsey Hodgin,khodginl8@edu.com,Cuba,no,Femenino,Soltero,si,no,si,0
saismanl9,kC8R'?sMGjIid!,Salvador Aisman,saismanl9@edu.com,China,no,Femenino,Soltero,si,si,no,0
slabrenzla,rQ2ojJ)+EC,Shaylyn Labrenz,slabrenzla@edu.com,Trinidad and Tobago,no,Otro,Union libre,no,no,si,0
mfleislb,mH8grnk\J!0nhX,Morgan Fleis,mfleislb@edu.com,Brazil,no,Otro,Soltero,si,no,si,0
rlansdownelc,cP9M0r<5\oQJh,Robbin Lansdowne,rlansdownelc@edu.com,Poland,no,Femenino,Soltero,si,no,si,0
lfrankishld,"uK7W(&""JSyx",Livvie Frankish,lfrankishld@edu.com,China,no,Femenino,Viudo,no,si,no,0
ggreenshielsle,dL5|oe\\>`R0<~,Gabriel Greenshiels,ggreenshielsle@edu.com,Armenia,si,Femenino,Divorciado,no,no,no,0
ajoutapaviciuslf,gD74@RXq,Angele Joutapavicius,ajoutapaviciuslf@edu.com,Sri Lanka,no,Otro,Soltero,si,no,si,0
ggeffelg,nJ5g=jz*p{h2,Gabriellia Geffe,ggeffelg@edu.com,Vietnam,si,Femenino,Divorciado,no,no,no,0
kbendelh,nH0l{EXt!,Kerwin Bende,kbendelh@edu.com,China,no,Femenino,Casado,no,si,si,0
cmenichinili,"cD403zem5Fw""",Chelsie Menichini,cmenichinili@edu.com,Argentina,no,Femenino,Casado,no,si,si,0
kbrankleylj,gM5i78?0r?m6,Kerrill Brankley,kbrankleylj@edu.com,Russia,si,Femenino,Divorciado,si,no,no,0
jfranssenlk,gQ3b_}s+Jw,Jonathon Franssen,jfranssenlk@edu.com,Philippines,no,Femenino,Soltero,no,si,si,0
imaillardll,qE2nbXjQ~a\B&?aw,Ivonne Maillard,imaillardll@edu.com,Jordan,si,Masculino,Casado,no,no,no,0
rfenderlm,rC7P'Vj~iy(tr6qm,Rikki Fender,rfenderlm@edu.com,Brazil,no,Femenino,Soltero,no,si,no,0
rblestln,pM9~8*TfOb@,Rabbi Blest,rblestln@edu.com,Netherlands,si,Masculino,Divorciado,si,si,si,0
mnapthinelo,xS64o5PSwG,Milli Napthine,mnapthinelo@edu.com,Indonesia,si,Femenino,Soltero,si,no,no,0
cdozdilllp,wP1yKYi$8k,Chev Dozdill,cdozdilllp@edu.com,Russia,si,Masculino,Viudo,no,si,si,0
cbrunickelq,qP9KVVqfcV$b,Cirillo Brunicke,cbrunickelq@edu.com,Kazakhstan,no,Masculino,Casado,no,si,no,0
dcarlettilr,vG1JWaty\,Dorice Carletti,dcarlettilr@edu.com,Portugal,si,Masculino,Casado,no,si,si,0
epankhurstls,bX3\QDql}yg9z,Erv Pankhurst.,epankhurstls@edu.com,China,si,Otro,Soltero,no,no,si,0
gabisettilt,rS9K(%!`nL,Gretchen Abisetti,gabisettilt@edu.com,Dominican Republic,no,Otro,Viudo,no,si,no,0
bsharvillelu,nG95S#cAq$O'T~,Barbe Sharville,bsharvillelu@edu.com,Portugal,no,Masculino,Casado,no,no,si,0
jliptrotlv,eB76dX1T',Jordana Liptrot,jliptrotlv@edu.com,Indonesia,si,Femenino,Divorciado,si,no,no,0
ptamslw,mR6E0J(bG|/Oky@l,Peggy Tams,ptamslw@edu.com,France,no,Masculino,Divorciado,no,si,si,0
asaddlx,hU7tI79./_&,Avery Sadd,asaddlx@edu.com,Poland,si,Femenino,Soltero,si,si,si,0
godalyly,cA1nTnZ_9hL!qz,Germaine O'Daly,godalyly@edu.com,Russia,no,Masculino,Viudo,si,no,si,0
ncoventrylz,vB455qXI,Nat Coventry,ncoventrylz@edu.com,Brazil,si,Masculino,Union libre,no,si,no,0
tladellm0,yJ8(yr!@q,Trixie Ladell,tladellm0@edu.com,Estonia,no,Femenino,Union libre,si,no,si,0
lpourvoieurm1,"mR7zi`,C|z",Lennard Pourvoieur,lpourvoieurm1@edu.com,Mexico,si,Otro,Divorciado,si,no,no,0
jcraigmilem2,yB3`t1O809_+,Jammie Craigmile,jcraigmilem2@edu.com,Finland,si,Otro,Soltero,si,no,si,0
awedlakem3,yH6+uIdM6V{_mWJ4,Anneliese Wedlake,awedlakem3@edu.com,Greece,no,Otro,Casado,no,no,si,0
acauleym4,oV9%{Hx%M_GvFp,Ammamaria Cauley,acauleym4@edu.com,China,si,Femenino,Viudo,si,no,si,0
acruzm5,"cP50M~YRQ,B",Arvy Cruz,acruzm5@edu.com,Brazil,no,Femenino,Soltero,no,no,no,0
bverrillsm6,cC5~AI?lcck,Berni Verrills,bverrillsm6@edu.com,Czech Republic,no,Masculino,Soltero,no,si,si,0
gjurriesm7,"hJ7R,c5vf",Gavra Jurries,gjurriesm7@edu.com,Czech Republic,no,Masculino,Soltero,si,no,si,0
vandrewartham8,"xM64""25in",Vivyanne Andrewartha,vandrewartham8@edu.com,Haiti,no,Masculino,Union libre,si,no,no,0
jbockm9,yZ96mTz)'M$9|&,Jeannie Bock,jbockm9@edu.com,Russia,si,Otro,Viudo,no,no,si,0
rgooderridgema,zV8vYQP4p,Roana Gooderridge,rgooderridgema@edu.com,China,si,Femenino,Viudo,si,no,no,0
waylottmb,lO5acJ4OieME%%f,Wolfie Aylott,waylottmb@edu.com,China,si,Femenino,Union libre,no,si,no,0
jglasscottmc,aY4f2u`~mzH_v)3a,James Glasscott,jglasscottmc@edu.com,Czech Republic,no,Femenino,Soltero,si,si,no,0
bcostamd,"mN8""xoGjnFQ",Bruno Costa,bcostamd@edu.com,China,no,Otro,Casado,si,si,no,0
begleme,wP2nQV$#Q,Brendon Egle of Germany,begleme@edu.com,Indonesia,si,Masculino,Soltero,no,no,si,0
jsedgemoremf,yA0\m(g*I,Jacqui Sedgemore,jsedgemoremf@edu.com,Bolivia,no,Otro,Soltero,no,si,no,0
bhughlinmg,nT8oiNBYxko,Belia Hughlin,bhughlinmg@edu.com,Ethiopia,si,Masculino,Viudo,si,no,si,0
jglasscottmh,rN8T}M<Y,Jillie Glasscott,jglasscottmh@edu.com,Syria,si,Masculino,Casado,si,si,no,0
hkeppemi,"oQ2`nt)f90y%""39",Hayward Keppe,hkeppemi@edu.com,Bahamas,si,Otro,Viudo,no,no,no,0
smorlandmj,cV5dCoZMS7?pCib,Sibbie Morland,smorlandmj@edu.com,China,si,Masculino,Divorciado,no,no,no,0
zdwanemk,"eJ6>g(r,t\Smy=",Zora Dwane,zdwanemk@edu.com,Russia,no,Masculino,Viudo,si,no,si,0
klonghornml,oX2QLmuN/r4(Qt,Kelsey Longhorn,klonghornml@edu.com,Indonesia,no,Femenino,Union libre,si,no,si,0
tkordtmm,jV8LS6f(q9+YIY,Teddie Kordt,tkordtmm@edu.com,Philippines,si,Otro,Soltero,si,si,no,0
berbainmn,iC8v?OC*Tldg,Bebe Erbain,berbainmn@edu.com,Philippines,si,Masculino,Union libre,no,si,no,0
ttodhuntermo,vP4iC(\Z(b_x6,Tabina Todhunter,ttodhuntermo@edu.com,Russia,si,Femenino,Divorciado,si,no,no,0
neldrittmp,zA4=r}=ly9CT,Nicky Eldritt,neldrittmp@edu.com,China,no,Masculino,Soltero,si,no,si,0
lborrellmq,wG1U5E9c2RJy,Leila Borrell,lborrellmq@edu.com,Russia,no,Femenino,Divorciado,no,no,si,0
lgyemr,cY7mPC'2R,Loy Gye,lgyemr@edu.com,Latvia,si,Masculino,Soltero,si,si,si,0
mriboums,zT6f%UTYgNgAOb`,Mela Ribou,mriboums@edu.com,Ukraine,no,Masculino,Viudo,no,si,no,0
tseedmanmt,oU0F.2PN,Troy Seedman,tseedmanmt@edu.com,Indonesia,no,Otro,Divorciado,no,si,si,0
peveringhammu,"qA03GZgK,wQ/0P}",Pen Everingham,peveringhammu@edu.com,Philippines,no,Otro,Divorciado,si,si,no,0
vpalphramandmv,zY4<!5aZ,Vivian Palphramand,vpalphramandmv@edu.com,China,si,Otro,Soltero,no,no,no,0
mellacottmw,hN9I'r8QU,Matteo Ellacott,mellacottmw@edu.com,Russia,no,Masculino,Casado,si,si,no,0
brotherforthmx,"tK14ih,""AS5ub7",Berkly Rotherforth,brotherforthmx@edu.com,Argentina,si,Otro,Viudo,si,si,no,0
dlealmy,pL1T``Z\,Darnall Leal,dlealmy@edu.com,China,si,Otro,Divorciado,si,no,no,0
iloadwickmz,nY8OoOofNVg,Ilsa Loadwick,iloadwickmz@edu.com,Russia,no,Femenino,Soltero,no,no,no,0
eheardn0,gS5XuJm&,Elsey Heard,eheardn0@edu.com,Indonesia,si,Otro,Casado,si,no,si,0
mfulksn1,"kC2$swAebTV""cWPS",Muffin Fulks,mfulksn1@edu.com,China,si,Otro,Viudo,si,no,no,0
adavydochn2,gH1a'=$FsiKvzS`,Alethea Davydoch,adavydochn2@edu.com,Sri Lanka,si,Masculino,Viudo,si,si,no,0
mkiddlen3,zR1Ht>d4m0,Murray Kiddle,mkiddlen3@edu.com,China,no,Masculino,Viudo,no,si,si,0
cburchnalln4,jR3MNF*P,Carmel Burchnall,cburchnalln4@edu.com,Russia,si,Masculino,Divorciado,si,no,no,0
hduigedn5,hR1Af`g.qsk,Hannah Duiged,hduigedn5@edu.com,Sweden,si,Femenino,Viudo,si,si,si,0
kbunclarkn6,rI9Y8.F?'Z?TSvd,Kary Bunclark,kbunclarkn6@edu.com,Indonesia,si,Masculino,Union libre,no,si,si,0
jchritchlown7,xV2|%6N3,Jamal Chritchlow,jchritchlown7@edu.com,Indonesia,si,Otro,Soltero,no,si,si,0
jbrimblen8,gX6@ekL0|_BmC}l,Jefferson Brimble,jbrimblen8@edu.com,France,si,Masculino,Soltero,si,no,no,0
dgansbuhlern9,aG9kVS+0,Devlen Gansbuhler,dgansbuhlern9@edu.com,China,si,Otro,Viudo,no,no,no,0
rdena,eQ6`1!#_QB<>_G3,Rick de Keep,rdena@edu.com,Poland,no,Otro,Soltero,no,no,si,0
dfancuttnb,lX3PpX!wW_Z4|*0s,Doralin Fancutt,dfancuttnb@edu.com,Moldova,no,Masculino,Soltero,si,no,si,0
bthorringtonnc,"kL99{""r/lp",Buck Thorrington,bthorringtonnc@edu.com,Philippines,si,Femenino,Soltero,no,si,no,0
fgianninind,rE7aVuiW4hhZy,Fredi Giannini,fgianninind@edu.com,Indonesia,no,Otro,Soltero,si,no,no,0
ljosuweitne,"gC7k|9Gc3,cd9",Lizzy Josuweit,ljosuweitne@edu.com,China,si,Femenino,Casado,si,no,si,0
eleethemnf,lK6/fiv%4kxQ,Edee Leethem,eleethemnf@edu.com,Liberia,si,Masculino,Divorciado,si,no,no,0
bclaisseng,aL2F/({a%50Vh,Bearnard Claisse,bclaisseng@edu.com,China,no,Femenino,Viudo,si,si,si,0
ejoskowitznh,eP0|WgM1,Etty Joskowitz,ejoskowitznh@edu.com,Greece,si,Masculino,Union libre,si,no,no,0
nsemoninni,eN0%c\ow=mFj(u\$,Natale Semonin,nsemoninni@edu.com,China,no,Masculino,Soltero,no,no,no,0
wivettsnj,aB9eY5*oqlesz,Willie Ivetts,wivettsnj@edu.com,Russia,si,Otro,Casado,no,no,no,0
bsargantnk,tA2LuWVA%qkhQ!ZX,Britte Sargant,bsargantnk@edu.com,United States,no,Masculino,Soltero,si,si,si,0
hdacrenl,kT9OU&7tz'%,Hill Dacre,hdacrenl@edu.com,Sweden,no,Femenino,Union libre,si,si,si,0
fshearsbynm,nX1r2o8Zm_6*,Frederico Shearsby,fshearsbynm@edu.com,China,si,Femenino,Viudo,no,no,no,0
blarmettnn,rT3/ffh8?D*SNk,Boycie Larmett,blarmettnn@edu.com,Norway,no,Masculino,Casado,no,si,no,0
nfeldbergno,"jL0wf>nsL,9%ymy",Nealon Feldberg,nfeldbergno@edu.com,United States,no,Femenino,Union libre,no,si,no,0
rsturrnp,gQ8R.j}OQ,Regina Sturr,rsturrnp@edu.com,China,no,Femenino,Soltero,no,si,si,0
ffakeleynq,qW73F{PI&,Farra Fakeley,ffakeleynq@edu.com,Indonesia,si,Masculino,Union libre,no,no,no,0
jolivianr,"nW6VF.(GT1XP""",Janos Olivia,jolivianr@edu.com,Croatia,si,Femenino,Viudo,si,si,si,0
afogtns,bK4+Eo//dj!U5`,Arther Fogt,afogtns@edu.com,Sweden,si,Masculino,Soltero,si,no,si,0
mcathenodnt,"vG8%""IrdI",Mack Cathenod,mcathenodnt@edu.com,Indonesia,no,Femenino,Union libre,no,no,si,0
adrablenu,"fF4ullRY.JYe5""FK",Analise Drable,adrablenu@edu.com,Thailand,no,Femenino,Divorciado,si,no,no,0
bskimnv,fZ46nD.C4,Biddy Skim,bskimnv@edu.com,Poland,no,Otro,Union libre,no,si,no,0
kjamarynw,jB4Tm6$5a58\IZY4,Katine Jamary,kjamarynw@edu.com,Portugal,no,Otro,Casado,si,no,no,0
mfontelnx,sX4g/crf`Un,Marcos Fontel,mfontelnx@edu.com,Myanmar,si,Otro,Casado,no,no,si,0
kbabingtonny,uP2)k?jn\,Katuscha Babington,kbabingtonny@edu.com,China,si,Masculino,Union libre,no,no,si,0
uzorzinz,"iF3et(>Y,",Ursola Zorzi,uzorzinz@edu.com,Portugal,si,Femenino,Casado,no,no,si,0
nantonionio0,pD9/>(*8#OAY,Neely Antonioni,nantonionio0@edu.com,China,si,Otro,Viudo,si,no,si,0
mbeeverso1,yB7O8$`kFN,Maurice Beevers,mbeeverso1@edu.com,Armenia,no,Masculino,Divorciado,si,si,si,0
ksilburno2,wH0c}tIDinc,Kandace Silburn,ksilburno2@edu.com,China,no,Otro,Union libre,no,no,no,0
acathenodo3,iF2frK|`Pp,Abagael Cathenod,acathenodo3@edu.com,Norway,no,Masculino,Viudo,si,si,si,0
msnaddino4,hR5<S~WBPo,Maye Snaddin,msnaddino4@edu.com,Nigeria,si,Femenino,Soltero,si,si,no,0
hdunthorno5,hA9Vf0/\!+wcg5k',Horatius Dunthorn,hdunthorno5@edu.com,Germany,no,Femenino,Divorciado,si,no,si,0
fmcmechano6,pZ1vQ9fU,Fawn McMechan,fmcmechano6@edu.com,Indonesia,si,Masculino,Union libre,si,si,no,0
wmethingamo7,fB8<#3b$U|ZU|LK&,Winnie Methingam,wmethingamo7@edu.com,China,no,Femenino,Divorciado,si,si,no,0
gcolnetto8,mL8PbSg\u?,Gaspar Colnett,gcolnetto8@edu.com,China,si,Masculino,Divorciado,no,si,si,0
bgrouvelo9,sC9qS(RcBWcHDb)D,Barnaby Grouvel,bgrouvelo9@edu.com,Slovenia,si,Masculino,Union libre,si,no,si,0
gtrattlesoa,bS4heQq.*Pvk,Garret Trattles,gtrattlesoa@edu.com,Russia,no,Femenino,Casado,no,no,no,0
lmacfadzanob,xO0!g2si,Lolita MacFadzan,lmacfadzanob@edu.com,China,no,Femenino,Viudo,si,si,no,0
mpleasantsoc,bW0pOf6a|,Margareta Pleasants,mpleasantsoc@edu.com,Finland,si,Femenino,Viudo,no,si,si,0
achildesod,hJ1jNPAo9Sd<Cjm,Annabell Childes,achildesod@edu.com,China,si,Femenino,Casado,si,si,si,0
kcrichtenoe,iC0R/z5U*8,Kiley Crichten,kcrichtenoe@edu.com,Pakistan,si,Masculino,Divorciado,si,no,no,0
dmoreingof,aX5>`Kwp/&IH,Dierdre Moreing,dmoreingof@edu.com,Morocco,si,Masculino,Union libre,si,si,no,0
mhuycheog,bU6\Ym1=dJeFk,Moselle Huyche,mhuycheog@edu.com,China,no,Femenino,Divorciado,no,no,no,0
acostonoh,pC23#$76u}.YCoS*,Arnaldo Coston,acostonoh@edu.com,Tajikistan,si,Masculino,Divorciado,si,si,no,0
jkondratoi,qW6sl#*HVbqgWk7G,Jacquenetta Kondrat,jkondratoi@edu.com,Indonesia,si,Masculino,Divorciado,si,si,si,0
emcnerlinoj,dR3&n|q%x/1LO,Emlen McNerlin,emcnerlinoj@edu.com,Slovenia,si,Femenino,Soltero,si,no,si,0
jdunningok,rP4E91\R,Jackson Dunning,jdunningok@edu.com,Kenya,si,Otro,Soltero,si,si,no,0
vjowettol,fE7Y)k?z=,Vivie Jowett,vjowettol@edu.com,Russia,si,Masculino,Casado,si,no,si,0
bheasmanom,rS1M1EJ9e,Borg Heasman,bheasmanom@edu.com,Ukraine,si,Otro,Soltero,no,si,si,0
csandfordon,dY5|hj1I>`#e,Cahra Sandford,csandfordon@edu.com,China,no,Otro,Divorciado,si,no,no,0
mjedraszczykoo,qL9>mfGKm?`xx<3,Muire Jedraszczyk,mjedraszczykoo@edu.com,Argentina,no,Masculino,Union libre,no,no,si,0
rcolnetop,"fL0I""mqBn",Ruben Colnet,rcolnetop@edu.com,Russia,si,Masculino,Divorciado,no,no,no,0
vpearsoq,oK5'5)bU*r=&,Vinni Pears,vpearsoq@edu.com,Indonesia,no,Otro,Soltero,no,si,si,0
ofomichyovor,"nR09K&jr""u",Othelia Fomichyov,ofomichyovor@edu.com,South Korea,no,Masculino,Soltero,si,no,si,0
gkamenaos,rI4|_%EDe.p!,George Kamena,gkamenaos@edu.com,South Korea,no,Otro,Casado,si,si,no,0
fchatelot,uH1n8T<AQO,Fidel Chatel,fchatelot@edu.com,Thailand,no,Masculino,Soltero,no,si,si,0
egladtbachou,kF7Ns|&1I,Edan Gladtbach,egladtbachou@edu.com,Poland,si,Otro,Casado,si,si,si,0
ggasquoineov,zI8#L2\ZS)}Uyku,Gilberte Gasquoine,ggasquoineov@edu.com,China,no,Otro,Union libre,no,si,si,0
sbootmanow,"pO1""b0WGjeJ<OAq",Starr Bootman,sbootmanow@edu.com,Indonesia,si,Femenino,Viudo,si,si,si,0
mcathieox,hT9S35Xr!vO,Maris Cathie,mcathieox@edu.com,China,si,Femenino,Union libre,no,no,no,0
farnowoy,mV6(TarHV`aWR#,Frank Arnow,farnowoy@edu.com,China,no,Otro,Divorciado,si,no,no,0
cbeaconsalloz,tX7KWW*%,Cy Beaconsall,cbeaconsalloz@edu.com,Thailand,si,Masculino,Union libre,si,si,si,0
swoodp0,jO3U_SAwJT$2#5Gp,Simmonds Wood,swoodp0@edu.com,Uganda,si,Otro,Casado,si,si,si,0
kbosherep1,oX1YrC4'.vfE,Kalinda Boshere,kbosherep1@edu.com,Philippines,no,Masculino,Viudo,si,si,si,0
cteacyp2,pA7/3O9T*,Cornell Teacy,cteacyp2@edu.com,China,no,Masculino,Union libre,no,si,no,0
fmilkinsp3,uP4A2=x2koA$),Fraser Milkins,fmilkinsp3@edu.com,Albania,no,Masculino,Union libre,si,no,si,0
stickp4,lT6Mw&6PQ'@,Serene Tick,stickp4@edu.com,Philippines,no,Otro,Soltero,si,no,si,0
aeveritp5,gO5cVg|rh%Ox),Ariel Everit,aeveritp5@edu.com,Brazil,si,Femenino,Casado,si,no,si,0
egittusp6,hM7ZE1l}lgDf&1,Emelen Gittus,egittusp6@edu.com,China,no,Femenino,Casado,no,no,si,0
dryriep7,qZ0c!&ET!Jlw,Dory Ryrie,dryriep7@edu.com,Brazil,si,Masculino,Casado,si,si,no,0
kmanesp8,iG9)&s\UA,Kylila Manes,kmanesp8@edu.com,Indonesia,no,Femenino,Viudo,no,no,no,0
tgallandersp9,mR3e#wWA_Y&R,Tab Gallanders,tgallandersp9@edu.com,China,no,Femenino,Union libre,si,no,no,0
phaytopa,lS5tzZDM>/wt,Pall Hayto,phaytopa@edu.com,Indonesia,no,Femenino,Soltero,no,si,no,0
emcteaguepb,"tD83""5a|~Jf",Evelina McTeague,emcteaguepb@edu.com,Brazil,si,Otro,Divorciado,no,no,si,0
cgarritypc,jR362'WmMQ3\F,Cloe Garrity,cgarritypc@edu.com,Czech Republic,no,Femenino,Soltero,si,no,si,0
evearspd,rK0\s{YAhR$,Evangeline Vears,evearspd@edu.com,Indonesia,no,Otro,Divorciado,si,no,si,0
ksizelandpe,kB2'7bZSQYv,Kania Sizeland,ksizelandpe@edu.com,Thailand,si,Masculino,Soltero,si,si,si,0
aelcypf,vV9+QZkWD(?.IQ(,Ase Elcy,aelcypf@edu.com,Chile,no,Masculino,Divorciado,si,si,si,0
pfeavearyearpg,yS6O8%zw7PIAJ,Panchito Feavearyear,pfeavearyearpg@edu.com,Canada,si,Otro,Viudo,si,si,si,0
ggertph,nQ8Ob3BOO%Pb%),Gunter Gert,ggertph@edu.com,South Korea,si,Otro,Casado,no,si,no,0
rmaciejapi,dW4'&y0n,Rex Macieja,rmaciejapi@edu.com,China,si,Masculino,Union libre,si,si,no,0
vgrimsteadpj,qH5*05@*K(eXtE,Velma Grimstead,vgrimsteadpj@edu.com,Yemen,no,Otro,Divorciado,si,no,si,0
mhebbornepk,hR7yWMty.,Mikaela Hebborne,mhebbornepk@edu.com,Indonesia,no,Femenino,Viudo,no,si,si,0
fdepl,pX9uzWafJQxB,Frasier De Clairmont,fdepl@edu.com,Indonesia,no,Masculino,Divorciado,no,si,si,0
tskillingpm,fN5(s7WJwQE~v,Trudey Skilling,tskillingpm@edu.com,Ireland,si,Otro,Divorciado,no,no,no,0
msharrockpn,eG2smmEa3F\4`M,Mildred Sharrock,msharrockpn@edu.com,Brazil,no,Masculino,Viudo,si,no,si,0
gnoellpo,gN6~'vS|N?|mlc,Gertrudis Noell,gnoellpo@edu.com,Czech Republic,si,Otro,Union libre,no,si,no,0
ebrunipp,vB2z9$SPr`~Bd#,Egor Bruni,ebrunipp@edu.com,Zimbabwe,no,Femenino,Union libre,no,no,si,0
dblessedpq,oM6!ZVtXwNSss,Danice Blessed,dblessedpq@edu.com,Brazil,no,Otro,Union libre,si,no,no,0
hbellhousepr,xR6UZ(4T,Haydon Bellhouse,hbellhousepr@edu.com,Philippines,si,Otro,Viudo,no,si,si,0
hrussonps,"aR3""TY$eQ(vBg5A2",Happy Russon,hrussonps@edu.com,Colombia,si,Otro,Union libre,no,no,si,0
rlaredpt,"rW9c,iF!CbZ$cG",Rock Lared,rlaredpt@edu.com,Hungary,no,Otro,Casado,si,si,si,0
prosetpu,lL7ST1k'Av#+FdZm,Prisca Roset,prosetpu@edu.com,Japan,no,Masculino,Viudo,si,no,si,0
btordoffpv,"kR8NSV/CCaf,LN",Bette-ann Tordoff,btordoffpv@edu.com,Japan,si,Femenino,Viudo,si,si,si,0
bcurnockpw,gK4Zdng?sv>K,Byrann Curnock,bcurnockpw@edu.com,China,no,Otro,Divorciado,no,no,si,0
twannespx,"gZ6}f1u+""Ycvu",Tonie Wannes,twannespx@edu.com,China,no,Otro,Viudo,si,si,no,0
tfranklenpy,"cA47nfY""#GI",Terrill Franklen,tfranklenpy@edu.com,Albania,no,Femenino,Viudo,si,no,no,0
landoverpz,"mR4,<J2|T",Letti Andover,landoverpz@edu.com,Bulgaria,no,Femenino,Soltero,si,si,no,0
yconnechieq0,zH7Z@mSdJa,Ynes Connechie,yconnechieq0@edu.com,Colombia,si,Otro,Viudo,no,si,no,0
mpercevalq1,"vX3i,R|{C9M'&gd",Monika Perceval,mpercevalq1@edu.com,Colombia,no,Otro,Divorciado,no,si,si,0
sperfiliq2,jR53UaoEM$'9>,Seline Perfili,sperfiliq2@edu.com,Afghanistan,si,Femenino,Divorciado,si,si,si,0
vrubinfeldq3,"hA5}0y~l""cv",Vasilis Rubinfeld,vrubinfeldq3@edu.com,Azerbaijan,si,Femenino,Casado,si,no,no,0
rquaintonq4,qP6ac{3@K{@y,Renard Quainton,rquaintonq4@edu.com,Russia,si,Masculino,Viudo,si,no,si,0
aemblinq5,vV2Brx=5pu<5<I,Averyl Emblin,aemblinq5@edu.com,Vietnam,no,Masculino,Casado,no,si,no,0
pjosephsenq6,aA2G`ywed,Palmer Josephsen,pjosephsenq6@edu.com,China,no,Otro,Divorciado,no,no,no,0
ttavernorq7,wO2U(W*u',Tracie Tavernor,ttavernorq7@edu.com,Philippines,no,Otro,Viudo,si,no,no,0
ggenneyq8,lW2z#x\97'@Ik$,Gualterio Genney,ggenneyq8@edu.com,Slovenia,no,Masculino,Viudo,si,si,no,0
restcotq9,hT4&L){Ve(MN,Rosalia Estcot,restcotq9@edu.com,Morocco,si,Masculino,Divorciado,no,si,si,0
lakastqa,fH6|4m#S,Larisa Akast,lakastqa@edu.com,Indonesia,no,Otro,Union libre,si,si,no,0
dbramerqb,sK9KwW!qj,Desiree Bramer,dbramerqb@edu.com,Portugal,si,Masculino,Casado,no,si,si,0
sgoldieqc,uD0j\kDy$s4Dj,Stafford Goldie,sgoldieqc@edu.com,Japan,si,Otro,Union libre,si,si,no,0
tbitchenerqd,zN5<1~3W&3,Tammie Bitchener,tbitchenerqd@edu.com,Iran,si,Masculino,Soltero,no,no,no,0
rwelshqe,"hO8Y""j\VGVNu",Riccardo Welsh,rwelshqe@edu.com,Portugal,no,Femenino,Divorciado,si,si,si,0
rmazeyqf,"xN2J'N0QZ""8Gk",Ray Mazey,rmazeyqf@edu.com,Indonesia,si,Otro,Viudo,no,no,si,0
dboormanqg,"xJ2!uH,SNFd`>7G",Dorelle Boorman,dboormanqg@edu.com,Mexico,no,Otro,Divorciado,si,si,no,0
ostuddeqh,wA50GNXAs!$c\+,Othilia Studde,ostuddeqh@edu.com,China,si,Femenino,Union libre,no,no,no,0
atravisqi,lR7L@6z!(U&U>CT5,Agnola Travis,atravisqi@edu.com,Pakistan,no,Otro,Casado,si,no,no,0
ohawkeridgeqj,cE3Z168$Upp#ld,Osgood Hawkeridge,ohawkeridgeqj@edu.com,China,no,Otro,Casado,si,si,no,0
lsandsqk,bP0>kq3pu@q9,Lev Sands,lsandsqk@edu.com,Croatia,no,Otro,Soltero,no,no,si,0
lbantockql,"rC3Zf\,m(",Lucine Bantock,lbantockql@edu.com,Croatia,no,Femenino,Divorciado,no,si,no,0
hdemanueleqm,lZ85>wzxg4Q,Heda D'Emanuele,hdemanueleqm@edu.com,Indonesia,si,Otro,Casado,si,no,si,0
cdarringtonqn,pU1e!vB',Cyrillus Darrington,cdarringtonqn@edu.com,Philippines,no,Femenino,Divorciado,no,si,si,0
dcumoqo,oW6Xd9.cg2ehg`,Douglass Cumo,dcumoqo@edu.com,Isle of Man,no,Femenino,Union libre,no,no,si,0
jbrugmannqp,nD9?s>\vVQmt%uJ\,Jehu Brugmann,jbrugmannqp@edu.com,Philippines,no,Femenino,Viudo,si,si,no,0
dbalassiqq,"vV8#5e,17jO4w(",Darrel Balassi,dbalassiqq@edu.com,China,no,Masculino,Casado,si,no,si,0
bmaguireqr,nC8yc!4IN,Brucie Maguire,bmaguireqr@edu.com,Russia,si,Masculino,Divorciado,si,no,si,0
cmadgewickqs,zD0YVqvVS.<a)ytJ,Courtnay Madgewick,cmadgewickqs@edu.com,Bosnia and Herzegovina,si,Masculino,Union libre,no,no,si,0
ghurdqt,"bD5Ec!zV6owWK,zt",Gerry Hurd,ghurdqt@edu.com,Portugal,si,Masculino,Viudo,no,no,no,0
nwarlowequ,tY3Kr6s%KYm,Nathanial Warlowe,nwarlowequ@edu.com,Czech Republic,si,Femenino,Divorciado,no,no,no,0
fbattqv,vH6E/u@&$/f+,Florri Batt,fbattqv@edu.com,Mexico,no,Femenino,Viudo,no,no,no,0
tllewhellinqw,rO554wkC.W$,Tammara Llewhellin,tllewhellinqw@edu.com,Nigeria,no,Otro,Divorciado,no,no,si,0
plewtonqx,tN1BB{/v.6=XRV,Philippa Lewton,plewtonqx@edu.com,France,no,Masculino,Soltero,no,si,si,0
cmelbyqy,"yS0hCm""=$k",Curtice Melby,cmelbyqy@edu.com,Czech Republic,si,Femenino,Soltero,no,si,no,0
wmathersqz,pM6)&fSy9MY4SZC,Wyndham Mathers,wmathersqz@edu.com,China,si,Femenino,Divorciado,no,no,no,0
tbaccupr0,xY2pq5/A,Thibaut Baccup,tbaccupr0@edu.com,Indonesia,si,Masculino,Viudo,no,si,si,0
carundellr1,aG4H#PkC+Vk?n,Caroline Arundell,carundellr1@edu.com,China,no,Masculino,Viudo,no,si,no,0
fbulmanr2,lL7(4iuZ8zk,Floria Bulman,fbulmanr2@edu.com,Russia,no,Masculino,Soltero,no,no,si,0
acorballyr3,eX7t@6?DZbu>ozS,Athena Corbally,acorballyr3@edu.com,China,no,Otro,Soltero,no,si,no,0
kkerryr4,fA97CvZ>0,Kimble Kerry,kkerryr4@edu.com,Oman,no,Otro,Casado,no,si,no,0
tskottler5,rH8/u@D1(n~P,Tull Skottle,tskottler5@edu.com,Philippines,no,Masculino,Viudo,si,si,no,0
dsegoer6,kD3UOrgtt,Don Segoe,dsegoer6@edu.com,China,si,Otro,Viudo,si,si,si,0
abehrensr7,"qP5oZ%L""0e+@'h",Abeu Behrens,abehrensr7@edu.com,Philippines,no,Masculino,Casado,si,no,si,0
dpalethorper8,qS7~y7`+,Deloris Palethorpe,dpalethorper8@edu.com,Russia,no,Otro,Soltero,no,no,si,0
nrooneyr9,"lG1<H""O<\8\",Noelyn Rooney,nrooneyr9@edu.com,Indonesia,si,Otro,Divorciado,si,no,si,0
hsherera,cO9px$Kr,Hillery Shere,hsherera@edu.com,China,no,Femenino,Soltero,si,si,si,0
iantonyrb,vF8jY9J~WHs4~,Inessa Antony,iantonyrb@edu.com,Moldova,no,Otro,Casado,no,si,no,0
criccirc,"yM1qTb$6!*""~",Carmelia Ricci,criccirc@edu.com,Mongolia,si,Otro,Viudo,si,no,si,0
jdanelsrd,vM37(B\pq8GfY!,Julianne Danels,jdanelsrd@edu.com,Indonesia,si,Masculino,Casado,si,no,no,0
wgotecliffere,"kN9{_i`q3KL""Ft~~",Waiter Gotecliffe,wgotecliffere@edu.com,Portugal,si,Otro,Divorciado,no,no,si,0
dorkneyrf,yB1X}YLO5A3/Qx,Deeyn Orkney,dorkneyrf@edu.com,Albania,si,Femenino,Casado,si,no,si,0
mjohnseyrg,"oT118A""@.N\",Mack Johnsey,mjohnseyrg@edu.com,Russia,no,Otro,Viudo,si,no,si,0
bmollerrh,nL5Q<A*lCVR4Y,Boyce Moller,bmollerrh@edu.com,Indonesia,si,Masculino,Union libre,no,si,si,0
gbousquetri,vO3$Hu3we=,Gael Bousquet,gbousquetri@edu.com,Honduras,no,Masculino,Divorciado,si,si,si,0
kvainrj,vA9?wIF.ceM6,Krispin Vain,kvainrj@edu.com,China,si,Masculino,Divorciado,si,no,si,0
mdufaurrk,eZ57$LSu$uh(&5,Morty Dufaur,mdufaurrk@edu.com,Ukraine,si,Otro,Divorciado,si,no,si,0
dskeletonrl,xM47poJ\gGSc,Dugald Skeleton,dskeletonrl@edu.com,Madagascar,no,Femenino,Viudo,si,no,no,0
raizicrm,cV1uC+ShZ*X)T|.#,Riccardo Aizic,raizicrm@edu.com,Russia,no,Masculino,Divorciado,no,si,si,0
ericcardirn,xK3jLeex=,Emmie Riccardi,ericcardirn@edu.com,China,si,Masculino,Union libre,no,si,si,0
aduprero,fV2q{G7*P,Arlene Dupre,aduprero@edu.com,Russia,no,Otro,Union libre,si,si,si,0
plevirp,uI8o1Whid=,Padraic Levi,plevirp@edu.com,China,si,Otro,Divorciado,si,si,si,0
mhalloranrq,"eN5V%F~ml=+hX4#""",Marney Halloran,mhalloranrq@edu.com,Indonesia,si,Masculino,Soltero,no,no,no,0
pgorirr,eG6iq)beRQ@},Pablo Gori,pgorirr@edu.com,Colombia,no,Femenino,Divorciado,no,no,no,0
